[
	{ "key": "Automotive", "value": 21366375, "exploded": true, "key_translation": "Automotive" },
	{ "key": "Aviation", "value": 22600667, "exploded": true, "key_translation": "Aviation" },
	{ "key": "Cement", "value": 12287780, "exploded": true, "key_translation": "Cement" },
	{ "key": "Coal", "value": 32963538, "exploded": true, "key_translation": "Coal" },
	{ "key": "Power", "value": 26245465, "exploded": true, "key_translation": "Power" },
	{ "key": "Steel", "value": 22238749, "exploded": true, "key_translation": "Steel" },
	{ "key": "Other", "value": 71030786, "exploded": false, "key_translation": "Other" }
]
