[
	{
		"Asset Class": "Corporate Bonds",
		"Portfolio value invested (M USD)": 208733360,
		"Portfolio value invested (%)": 0.4584,
		"Included in the analysis": "Yes",
		"Value breakout per means of investment": 208733360,
		"_": "Direct"
	},
	{
		"Asset Class": "Listed Equity",
		"Portfolio value invested (M USD)": 233944657,
		"Portfolio value invested (%)": 0.5138,
		"Included in the analysis": "Yes",
		"Value breakout per means of investment": 233944657,
		"_": "Direct"
	},
	{
		"Asset Class": "Unclassified",
		"Portfolio value invested (M USD)": 12627104,
		"Portfolio value invested (%)": 0.0277,
		"Included in the analysis": "No",
		"Value breakout per means of investment": 12627104,
		"_": "Direct"
	},
	{
		"Asset Class": "Total",
		"Portfolio value invested (M USD)": 455305121,
		"Portfolio value invested (%)": 1,
		"Value breakout per means of investment": 455305121
	}
]
