[
	{
		"asset_class": "Corporate Bonds",
		"equity_market": "Global Market",
		"portfolio_name": "portfolio_name",
		"this_portfolio": true,
		"ald_sector": "Power",
		"technology": "RenewablesCap",
		"plan_carsten": 0.0012,
		"sector_sum": 0.1248,
		"sector_prcnt": 0.0096,
		"cumsum": 0,
		"sector_cumprcnt": 0,
		"green": true,
		"green_sum": 0.08,
		"green_prcnt": 0.6413,
		"asset_class_translation": "Corporate Bonds",
		"equity_market_translation": "Global Market",
		"ald_sector_translation": "Power",
		"technology_translation": "Renewables",
		"portfolio_name_translation": "portfolio_name"
	},
	{
		"asset_class": "Corporate Bonds",
		"equity_market": "Global Market",
		"portfolio_name": "portfolio_name",
		"this_portfolio": true,
		"ald_sector": "Power",
		"technology": "HydroCap",
		"plan_carsten": 0.0493,
		"sector_sum": 0.1248,
		"sector_prcnt": 0.3952,
		"cumsum": 0.0012,
		"sector_cumprcnt": 0.0096,
		"green": true,
		"green_sum": 0.08,
		"green_prcnt": 0.6413,
		"asset_class_translation": "Corporate Bonds",
		"equity_market_translation": "Global Market",
		"ald_sector_translation": "Power",
		"technology_translation": "Hydropower",
		"portfolio_name_translation": "portfolio_name"
	},
	{
		"asset_class": "Corporate Bonds",
		"equity_market": "Global Market",
		"portfolio_name": "portfolio_name",
		"this_portfolio": true,
		"ald_sector": "Power",
		"technology": "NuclearCap",
		"plan_carsten": 0.0295,
		"sector_sum": 0.1248,
		"sector_prcnt": 0.2365,
		"cumsum": 0.0505,
		"sector_cumprcnt": 0.4048,
		"green": true,
		"green_sum": 0.08,
		"green_prcnt": 0.6413,
		"asset_class_translation": "Corporate Bonds",
		"equity_market_translation": "Global Market",
		"ald_sector_translation": "Power",
		"technology_translation": "Nuclear Power",
		"portfolio_name_translation": "portfolio_name"
	},
	{
		"asset_class": "Corporate Bonds",
		"equity_market": "Global Market",
		"portfolio_name": "portfolio_name",
		"this_portfolio": true,
		"ald_sector": "Power",
		"technology": "GasCap",
		"plan_carsten": 0.0227,
		"sector_sum": 0.1248,
		"sector_prcnt": 0.1816,
		"cumsum": 0.08,
		"sector_cumprcnt": 0.6413,
		"green": false,
		"green_sum": 0.0448,
		"green_prcnt": 0.3587,
		"asset_class_translation": "Corporate Bonds",
		"equity_market_translation": "Global Market",
		"ald_sector_translation": "Power",
		"technology_translation": "Gas Power",
		"portfolio_name_translation": "portfolio_name"
	},
	{
		"asset_class": "Corporate Bonds",
		"equity_market": "Global Market",
		"portfolio_name": "portfolio_name",
		"this_portfolio": true,
		"ald_sector": "Power",
		"technology": "OilCap",
		"plan_carsten": 0.004,
		"sector_sum": 0.1248,
		"sector_prcnt": 0.0324,
		"cumsum": 0.1027,
		"sector_cumprcnt": 0.8229,
		"green": false,
		"green_sum": 0.0448,
		"green_prcnt": 0.3587,
		"asset_class_translation": "Corporate Bonds",
		"equity_market_translation": "Global Market",
		"ald_sector_translation": "Power",
		"technology_translation": "Oil Power",
		"portfolio_name_translation": "portfolio_name"
	},
	{
		"asset_class": "Corporate Bonds",
		"equity_market": "Global Market",
		"portfolio_name": "portfolio_name",
		"this_portfolio": true,
		"ald_sector": "Power",
		"technology": "CoalCap",
		"plan_carsten": 0.0181,
		"sector_sum": 0.1248,
		"sector_prcnt": 0.1447,
		"cumsum": 0.1067,
		"sector_cumprcnt": 0.8553,
		"green": false,
		"green_sum": 0.0448,
		"green_prcnt": 0.3587,
		"asset_class_translation": "Corporate Bonds",
		"equity_market_translation": "Global Market",
		"ald_sector_translation": "Power",
		"technology_translation": "Coal Power",
		"portfolio_name_translation": "portfolio_name"
	},
	{
		"asset_class": "Corporate Bonds",
		"equity_market": "Global Market",
		"portfolio_name": "portfolio_name",
		"this_portfolio": true,
		"ald_sector": "Automotive",
		"technology": "Electric",
		"plan_carsten": 0.0076,
		"sector_sum": 0.1016,
		"sector_prcnt": 0.0746,
		"cumsum": 0,
		"sector_cumprcnt": 0,
		"green": true,
		"green_sum": 0.0138,
		"green_prcnt": 0.1355,
		"asset_class_translation": "Corporate Bonds",
		"equity_market_translation": "Global Market",
		"ald_sector_translation": "Automotive",
		"technology_translation": "LDV: Electric",
		"portfolio_name_translation": "portfolio_name"
	},
	{
		"asset_class": "Corporate Bonds",
		"equity_market": "Global Market",
		"portfolio_name": "portfolio_name",
		"this_portfolio": true,
		"ald_sector": "Automotive",
		"technology": "FuelCell",
		"plan_carsten": 0,
		"sector_sum": 0.1016,
		"sector_prcnt": 0,
		"cumsum": 0.0076,
		"sector_cumprcnt": 0.0746,
		"green": true,
		"green_sum": 0.0138,
		"green_prcnt": 0.1355,
		"asset_class_translation": "Corporate Bonds",
		"equity_market_translation": "Global Market",
		"ald_sector_translation": "Automotive",
		"technology_translation": "LDV: Fuel Cell",
		"portfolio_name_translation": "portfolio_name"
	},
	{
		"asset_class": "Corporate Bonds",
		"equity_market": "Global Market",
		"portfolio_name": "portfolio_name",
		"this_portfolio": true,
		"ald_sector": "Automotive",
		"technology": "Hybrid",
		"plan_carsten": 0.0062,
		"sector_sum": 0.1016,
		"sector_prcnt": 0.0609,
		"cumsum": 0.0076,
		"sector_cumprcnt": 0.0746,
		"green": true,
		"green_sum": 0.0138,
		"green_prcnt": 0.1355,
		"asset_class_translation": "Corporate Bonds",
		"equity_market_translation": "Global Market",
		"ald_sector_translation": "Automotive",
		"technology_translation": "LDV: Hybrid",
		"portfolio_name_translation": "portfolio_name"
	},
	{
		"asset_class": "Corporate Bonds",
		"equity_market": "Global Market",
		"portfolio_name": "portfolio_name",
		"this_portfolio": true,
		"ald_sector": "Automotive",
		"technology": "ICE",
		"plan_carsten": 0.0878,
		"sector_sum": 0.1016,
		"sector_prcnt": 0.8645,
		"cumsum": 0.0138,
		"sector_cumprcnt": 0.1355,
		"green": false,
		"green_sum": 0.0878,
		"green_prcnt": 0.8645,
		"asset_class_translation": "Corporate Bonds",
		"equity_market_translation": "Global Market",
		"ald_sector_translation": "Automotive",
		"technology_translation": "LDV: ICE",
		"portfolio_name_translation": "portfolio_name"
	},
	{
		"asset_class": "Corporate Bonds",
		"equity_market": "Global Market",
		"portfolio_name": "portfolio_name",
		"this_portfolio": true,
		"ald_sector": "Coal",
		"technology": "Coal",
		"plan_carsten": 0.1118,
		"sector_sum": 0.1118,
		"sector_prcnt": 1,
		"cumsum": 0,
		"sector_cumprcnt": 0,
		"green": false,
		"green_sum": 0.1118,
		"green_prcnt": 1,
		"asset_class_translation": "Corporate Bonds",
		"equity_market_translation": "Global Market",
		"ald_sector_translation": "Coal",
		"technology_translation": "Coal",
		"portfolio_name_translation": "portfolio_name"
	},
	{
		"asset_class": "Corporate Bonds",
		"equity_market": "Global Market",
		"portfolio_name": "portfolio_name",
		"this_portfolio": true,
		"ald_sector": "Cement",
		"technology": "Integrated facility",
		"plan_carsten": 0.0584,
		"sector_sum": 0.0584,
		"sector_prcnt": 1,
		"cumsum": 0,
		"sector_cumprcnt": 0,
		"green": false,
		"green_sum": 0.0584,
		"green_prcnt": 1,
		"asset_class_translation": "Corporate Bonds",
		"equity_market_translation": "Global Market",
		"ald_sector_translation": "Cement",
		"technology_translation": "Integrated facility",
		"portfolio_name_translation": "portfolio_name"
	},
	{
		"asset_class": "Corporate Bonds",
		"equity_market": "Global Market",
		"portfolio_name": "portfolio_name",
		"this_portfolio": true,
		"ald_sector": "Steel",
		"technology": "Electric Arc Furnace",
		"plan_carsten": 0.0197,
		"sector_sum": 0.1057,
		"sector_prcnt": 0.1862,
		"cumsum": 0,
		"sector_cumprcnt": 0,
		"green": true,
		"green_sum": 0.0197,
		"green_prcnt": 0.1862,
		"asset_class_translation": "Corporate Bonds",
		"equity_market_translation": "Global Market",
		"ald_sector_translation": "Steel",
		"technology_translation": "Electric Arc Furnace",
		"portfolio_name_translation": "portfolio_name"
	},
	{
		"asset_class": "Corporate Bonds",
		"equity_market": "Global Market",
		"portfolio_name": "portfolio_name",
		"this_portfolio": true,
		"ald_sector": "Steel",
		"technology": "Open Hearth Furnace",
		"plan_carsten": 0,
		"sector_sum": 0.1057,
		"sector_prcnt": 0,
		"cumsum": 0.0197,
		"sector_cumprcnt": 0.1862,
		"green": false,
		"green_sum": 0.0861,
		"green_prcnt": 0.8138,
		"asset_class_translation": "Corporate Bonds",
		"equity_market_translation": "Global Market",
		"ald_sector_translation": "Steel",
		"technology_translation": "Open Hearth Furnace",
		"portfolio_name_translation": "portfolio_name"
	},
	{
		"asset_class": "Corporate Bonds",
		"equity_market": "Global Market",
		"portfolio_name": "portfolio_name",
		"this_portfolio": true,
		"ald_sector": "Steel",
		"technology": "Basic Oxygen Furnace",
		"plan_carsten": 0.0861,
		"sector_sum": 0.1057,
		"sector_prcnt": 0.8138,
		"cumsum": 0.0197,
		"sector_cumprcnt": 0.1862,
		"green": false,
		"green_sum": 0.0861,
		"green_prcnt": 0.8138,
		"asset_class_translation": "Corporate Bonds",
		"equity_market_translation": "Global Market",
		"ald_sector_translation": "Steel",
		"technology_translation": "Basic Oxygen Furnace",
		"portfolio_name_translation": "portfolio_name"
	},
	{
		"asset_class": "Corporate Bonds",
		"equity_market": "Global Market",
		"portfolio_name": "portfolio_name",
		"this_portfolio": true,
		"ald_sector": "Aviation",
		"technology": "Freight",
		"plan_carsten": 0.0652,
		"sector_sum": 0.1075,
		"sector_prcnt": 0.607,
		"cumsum": 0,
		"sector_cumprcnt": 0,
		"green": false,
		"green_sum": 0.1075,
		"green_prcnt": 1,
		"asset_class_translation": "Corporate Bonds",
		"equity_market_translation": "Global Market",
		"ald_sector_translation": "Aviation",
		"technology_translation": "Freight",
		"portfolio_name_translation": "portfolio_name"
	},
	{
		"asset_class": "Corporate Bonds",
		"equity_market": "Global Market",
		"portfolio_name": "portfolio_name",
		"this_portfolio": true,
		"ald_sector": "Aviation",
		"technology": "Passenger",
		"plan_carsten": 0.0422,
		"sector_sum": 0.1075,
		"sector_prcnt": 0.393,
		"cumsum": 0.0652,
		"sector_cumprcnt": 0.607,
		"green": false,
		"green_sum": 0.1075,
		"green_prcnt": 1,
		"asset_class_translation": "Corporate Bonds",
		"equity_market_translation": "Global Market",
		"ald_sector_translation": "Aviation",
		"technology_translation": "Passenger",
		"portfolio_name_translation": "portfolio_name"
	},
	{
		"asset_class": "Corporate Bonds",
		"equity_market": "Global Market",
		"portfolio_name": "iShares Global Corp Bond UCITS ETF",
		"this_portfolio": false,
		"ald_sector": "Power",
		"technology": "RenewablesCap",
		"plan_carsten": 0.011,
		"sector_sum": 0.0454,
		"sector_prcnt": 0.2424,
		"cumsum": 0,
		"sector_cumprcnt": 0,
		"green": true,
		"green_sum": 0.0204,
		"green_prcnt": 0.449,
		"asset_class_translation": "Corporate Bonds",
		"equity_market_translation": "Global Market",
		"ald_sector_translation": "Power",
		"technology_translation": "Renewables",
		"portfolio_name_translation": "iShares Global Corp Bond UCITS ETF"
	},
	{
		"asset_class": "Corporate Bonds",
		"equity_market": "Global Market",
		"portfolio_name": "iShares Global Corp Bond UCITS ETF",
		"this_portfolio": false,
		"ald_sector": "Power",
		"technology": "HydroCap",
		"plan_carsten": 0.0048,
		"sector_sum": 0.0454,
		"sector_prcnt": 0.1068,
		"cumsum": 0.011,
		"sector_cumprcnt": 0.2424,
		"green": true,
		"green_sum": 0.0204,
		"green_prcnt": 0.449,
		"asset_class_translation": "Corporate Bonds",
		"equity_market_translation": "Global Market",
		"ald_sector_translation": "Power",
		"technology_translation": "Hydropower",
		"portfolio_name_translation": "iShares Global Corp Bond UCITS ETF"
	},
	{
		"asset_class": "Corporate Bonds",
		"equity_market": "Global Market",
		"portfolio_name": "iShares Global Corp Bond UCITS ETF",
		"this_portfolio": false,
		"ald_sector": "Power",
		"technology": "NuclearCap",
		"plan_carsten": 0.0045,
		"sector_sum": 0.0454,
		"sector_prcnt": 0.0998,
		"cumsum": 0.0158,
		"sector_cumprcnt": 0.3492,
		"green": true,
		"green_sum": 0.0204,
		"green_prcnt": 0.449,
		"asset_class_translation": "Corporate Bonds",
		"equity_market_translation": "Global Market",
		"ald_sector_translation": "Power",
		"technology_translation": "Nuclear Power",
		"portfolio_name_translation": "iShares Global Corp Bond UCITS ETF"
	},
	{
		"asset_class": "Corporate Bonds",
		"equity_market": "Global Market",
		"portfolio_name": "iShares Global Corp Bond UCITS ETF",
		"this_portfolio": false,
		"ald_sector": "Power",
		"technology": "GasCap",
		"plan_carsten": 0.0153,
		"sector_sum": 0.0454,
		"sector_prcnt": 0.337,
		"cumsum": 0.0204,
		"sector_cumprcnt": 0.449,
		"green": false,
		"green_sum": 0.025,
		"green_prcnt": 0.551,
		"asset_class_translation": "Corporate Bonds",
		"equity_market_translation": "Global Market",
		"ald_sector_translation": "Power",
		"technology_translation": "Gas Power",
		"portfolio_name_translation": "iShares Global Corp Bond UCITS ETF"
	},
	{
		"asset_class": "Corporate Bonds",
		"equity_market": "Global Market",
		"portfolio_name": "iShares Global Corp Bond UCITS ETF",
		"this_portfolio": false,
		"ald_sector": "Power",
		"technology": "OilCap",
		"plan_carsten": 0.0027,
		"sector_sum": 0.0454,
		"sector_prcnt": 0.0589,
		"cumsum": 0.0356,
		"sector_cumprcnt": 0.7859,
		"green": false,
		"green_sum": 0.025,
		"green_prcnt": 0.551,
		"asset_class_translation": "Corporate Bonds",
		"equity_market_translation": "Global Market",
		"ald_sector_translation": "Power",
		"technology_translation": "Oil Power",
		"portfolio_name_translation": "iShares Global Corp Bond UCITS ETF"
	},
	{
		"asset_class": "Corporate Bonds",
		"equity_market": "Global Market",
		"portfolio_name": "iShares Global Corp Bond UCITS ETF",
		"this_portfolio": false,
		"ald_sector": "Power",
		"technology": "CoalCap",
		"plan_carsten": 0.007,
		"sector_sum": 0.0454,
		"sector_prcnt": 0.1552,
		"cumsum": 0.0383,
		"sector_cumprcnt": 0.8448,
		"green": false,
		"green_sum": 0.025,
		"green_prcnt": 0.551,
		"asset_class_translation": "Corporate Bonds",
		"equity_market_translation": "Global Market",
		"ald_sector_translation": "Power",
		"technology_translation": "Coal Power",
		"portfolio_name_translation": "iShares Global Corp Bond UCITS ETF"
	},
	{
		"asset_class": "Corporate Bonds",
		"equity_market": "Global Market",
		"portfolio_name": "iShares Global Corp Bond UCITS ETF",
		"this_portfolio": false,
		"ald_sector": "Automotive",
		"technology": "Electric",
		"plan_carsten": 0.0003,
		"sector_sum": 0.0052,
		"sector_prcnt": 0.0557,
		"cumsum": 0,
		"sector_cumprcnt": 0,
		"green": true,
		"green_sum": 0.0005,
		"green_prcnt": 0.0896,
		"asset_class_translation": "Corporate Bonds",
		"equity_market_translation": "Global Market",
		"ald_sector_translation": "Automotive",
		"technology_translation": "LDV: Electric",
		"portfolio_name_translation": "iShares Global Corp Bond UCITS ETF"
	},
	{
		"asset_class": "Corporate Bonds",
		"equity_market": "Global Market",
		"portfolio_name": "iShares Global Corp Bond UCITS ETF",
		"this_portfolio": false,
		"ald_sector": "Automotive",
		"technology": "FuelCell",
		"plan_carsten": 2.0765e-7,
		"sector_sum": 0.0052,
		"sector_prcnt": 0,
		"cumsum": 0.0003,
		"sector_cumprcnt": 0.0557,
		"green": true,
		"green_sum": 0.0005,
		"green_prcnt": 0.0896,
		"asset_class_translation": "Corporate Bonds",
		"equity_market_translation": "Global Market",
		"ald_sector_translation": "Automotive",
		"technology_translation": "LDV: Fuel Cell",
		"portfolio_name_translation": "iShares Global Corp Bond UCITS ETF"
	},
	{
		"asset_class": "Corporate Bonds",
		"equity_market": "Global Market",
		"portfolio_name": "iShares Global Corp Bond UCITS ETF",
		"this_portfolio": false,
		"ald_sector": "Automotive",
		"technology": "Hybrid",
		"plan_carsten": 0.0002,
		"sector_sum": 0.0052,
		"sector_prcnt": 0.0338,
		"cumsum": 0.0003,
		"sector_cumprcnt": 0.0558,
		"green": true,
		"green_sum": 0.0005,
		"green_prcnt": 0.0896,
		"asset_class_translation": "Corporate Bonds",
		"equity_market_translation": "Global Market",
		"ald_sector_translation": "Automotive",
		"technology_translation": "LDV: Hybrid",
		"portfolio_name_translation": "iShares Global Corp Bond UCITS ETF"
	},
	{
		"asset_class": "Corporate Bonds",
		"equity_market": "Global Market",
		"portfolio_name": "iShares Global Corp Bond UCITS ETF",
		"this_portfolio": false,
		"ald_sector": "Automotive",
		"technology": "ICE",
		"plan_carsten": 0.0047,
		"sector_sum": 0.0052,
		"sector_prcnt": 0.9104,
		"cumsum": 0.0005,
		"sector_cumprcnt": 0.0896,
		"green": false,
		"green_sum": 0.0047,
		"green_prcnt": 0.9104,
		"asset_class_translation": "Corporate Bonds",
		"equity_market_translation": "Global Market",
		"ald_sector_translation": "Automotive",
		"technology_translation": "LDV: ICE",
		"portfolio_name_translation": "iShares Global Corp Bond UCITS ETF"
	},
	{
		"asset_class": "Corporate Bonds",
		"equity_market": "Global Market",
		"portfolio_name": "iShares Global Corp Bond UCITS ETF",
		"this_portfolio": false,
		"ald_sector": "Coal",
		"technology": "Coal",
		"plan_carsten": 0.003,
		"sector_sum": 0.003,
		"sector_prcnt": 1,
		"cumsum": 0,
		"sector_cumprcnt": 0,
		"green": false,
		"green_sum": 0.003,
		"green_prcnt": 1,
		"asset_class_translation": "Corporate Bonds",
		"equity_market_translation": "Global Market",
		"ald_sector_translation": "Coal",
		"technology_translation": "Coal",
		"portfolio_name_translation": "iShares Global Corp Bond UCITS ETF"
	},
	{
		"asset_class": "Corporate Bonds",
		"equity_market": "Global Market",
		"portfolio_name": "iShares Global Corp Bond UCITS ETF",
		"this_portfolio": false,
		"ald_sector": "Cement",
		"technology": "Integrated facility",
		"plan_carsten": 0.0028,
		"sector_sum": 0.0028,
		"sector_prcnt": 1,
		"cumsum": 0,
		"sector_cumprcnt": 0,
		"green": false,
		"green_sum": 0.0028,
		"green_prcnt": 1,
		"asset_class_translation": "Corporate Bonds",
		"equity_market_translation": "Global Market",
		"ald_sector_translation": "Cement",
		"technology_translation": "Integrated facility",
		"portfolio_name_translation": "iShares Global Corp Bond UCITS ETF"
	},
	{
		"asset_class": "Corporate Bonds",
		"equity_market": "Global Market",
		"portfolio_name": "iShares Global Corp Bond UCITS ETF",
		"this_portfolio": false,
		"ald_sector": "Steel",
		"technology": "Electric Arc Furnace",
		"plan_carsten": 0.0008,
		"sector_sum": 0.0018,
		"sector_prcnt": 0.4517,
		"cumsum": 0,
		"sector_cumprcnt": 0,
		"green": true,
		"green_sum": 0.0008,
		"green_prcnt": 0.4517,
		"asset_class_translation": "Corporate Bonds",
		"equity_market_translation": "Global Market",
		"ald_sector_translation": "Steel",
		"technology_translation": "Electric Arc Furnace",
		"portfolio_name_translation": "iShares Global Corp Bond UCITS ETF"
	},
	{
		"asset_class": "Corporate Bonds",
		"equity_market": "Global Market",
		"portfolio_name": "iShares Global Corp Bond UCITS ETF",
		"this_portfolio": false,
		"ald_sector": "Steel",
		"technology": "Open Hearth Furnace",
		"plan_carsten": 0,
		"sector_sum": 0.0018,
		"sector_prcnt": 0,
		"cumsum": 0.0008,
		"sector_cumprcnt": 0.4517,
		"green": false,
		"green_sum": 0.001,
		"green_prcnt": 0.5483,
		"asset_class_translation": "Corporate Bonds",
		"equity_market_translation": "Global Market",
		"ald_sector_translation": "Steel",
		"technology_translation": "Open Hearth Furnace",
		"portfolio_name_translation": "iShares Global Corp Bond UCITS ETF"
	},
	{
		"asset_class": "Corporate Bonds",
		"equity_market": "Global Market",
		"portfolio_name": "iShares Global Corp Bond UCITS ETF",
		"this_portfolio": false,
		"ald_sector": "Steel",
		"technology": "Basic Oxygen Furnace",
		"plan_carsten": 0.001,
		"sector_sum": 0.0018,
		"sector_prcnt": 0.5483,
		"cumsum": 0.0008,
		"sector_cumprcnt": 0.4517,
		"green": false,
		"green_sum": 0.001,
		"green_prcnt": 0.5483,
		"asset_class_translation": "Corporate Bonds",
		"equity_market_translation": "Global Market",
		"ald_sector_translation": "Steel",
		"technology_translation": "Basic Oxygen Furnace",
		"portfolio_name_translation": "iShares Global Corp Bond UCITS ETF"
	},
	{
		"asset_class": "Corporate Bonds",
		"equity_market": "Global Market",
		"portfolio_name": "iShares Global Corp Bond UCITS ETF",
		"this_portfolio": false,
		"ald_sector": "Aviation",
		"technology": "Freight",
		"plan_carsten": 0.0033,
		"sector_sum": 0.0052,
		"sector_prcnt": 0.6393,
		"cumsum": 0,
		"sector_cumprcnt": 0,
		"green": false,
		"green_sum": 0.0052,
		"green_prcnt": 1,
		"asset_class_translation": "Corporate Bonds",
		"equity_market_translation": "Global Market",
		"ald_sector_translation": "Aviation",
		"technology_translation": "Freight",
		"portfolio_name_translation": "iShares Global Corp Bond UCITS ETF"
	},
	{
		"asset_class": "Corporate Bonds",
		"equity_market": "Global Market",
		"portfolio_name": "iShares Global Corp Bond UCITS ETF",
		"this_portfolio": false,
		"ald_sector": "Aviation",
		"technology": "Passenger",
		"plan_carsten": 0.0019,
		"sector_sum": 0.0052,
		"sector_prcnt": 0.3607,
		"cumsum": 0.0033,
		"sector_cumprcnt": 0.6393,
		"green": false,
		"green_sum": 0.0052,
		"green_prcnt": 1,
		"asset_class_translation": "Corporate Bonds",
		"equity_market_translation": "Global Market",
		"ald_sector_translation": "Aviation",
		"technology_translation": "Passenger",
		"portfolio_name_translation": "iShares Global Corp Bond UCITS ETF"
	},
	{
		"asset_class": "Listed Equity",
		"equity_market": "Global Market",
		"portfolio_name": "portfolio_name",
		"this_portfolio": true,
		"ald_sector": "Power",
		"technology": "RenewablesCap",
		"plan_carsten": 0.0879,
		"sector_sum": 0.1352,
		"sector_prcnt": 0.6499,
		"cumsum": 0,
		"sector_cumprcnt": 0,
		"green": true,
		"green_sum": 0.1037,
		"green_prcnt": 0.7666,
		"asset_class_translation": "Listed Equity",
		"equity_market_translation": "Global Market",
		"ald_sector_translation": "Power",
		"technology_translation": "Renewables",
		"portfolio_name_translation": "portfolio_name"
	},
	{
		"asset_class": "Listed Equity",
		"equity_market": "Global Market",
		"portfolio_name": "portfolio_name",
		"this_portfolio": true,
		"ald_sector": "Power",
		"technology": "HydroCap",
		"plan_carsten": 0.0158,
		"sector_sum": 0.1352,
		"sector_prcnt": 0.1167,
		"cumsum": 0.0879,
		"sector_cumprcnt": 0.6499,
		"green": true,
		"green_sum": 0.1037,
		"green_prcnt": 0.7666,
		"asset_class_translation": "Listed Equity",
		"equity_market_translation": "Global Market",
		"ald_sector_translation": "Power",
		"technology_translation": "Hydropower",
		"portfolio_name_translation": "portfolio_name"
	},
	{
		"asset_class": "Listed Equity",
		"equity_market": "Global Market",
		"portfolio_name": "portfolio_name",
		"this_portfolio": true,
		"ald_sector": "Power",
		"technology": "NuclearCap",
		"plan_carsten": 0,
		"sector_sum": 0.1352,
		"sector_prcnt": 0,
		"cumsum": 0.1037,
		"sector_cumprcnt": 0.7666,
		"green": true,
		"green_sum": 0.1037,
		"green_prcnt": 0.7666,
		"asset_class_translation": "Listed Equity",
		"equity_market_translation": "Global Market",
		"ald_sector_translation": "Power",
		"technology_translation": "Nuclear Power",
		"portfolio_name_translation": "portfolio_name"
	},
	{
		"asset_class": "Listed Equity",
		"equity_market": "Global Market",
		"portfolio_name": "portfolio_name",
		"this_portfolio": true,
		"ald_sector": "Power",
		"technology": "GasCap",
		"plan_carsten": 0.0164,
		"sector_sum": 0.1352,
		"sector_prcnt": 0.1216,
		"cumsum": 0.1037,
		"sector_cumprcnt": 0.7666,
		"green": false,
		"green_sum": 0.0316,
		"green_prcnt": 0.2334,
		"asset_class_translation": "Listed Equity",
		"equity_market_translation": "Global Market",
		"ald_sector_translation": "Power",
		"technology_translation": "Gas Power",
		"portfolio_name_translation": "portfolio_name"
	},
	{
		"asset_class": "Listed Equity",
		"equity_market": "Global Market",
		"portfolio_name": "portfolio_name",
		"this_portfolio": true,
		"ald_sector": "Power",
		"technology": "OilCap",
		"plan_carsten": 0.0085,
		"sector_sum": 0.1352,
		"sector_prcnt": 0.0627,
		"cumsum": 0.1201,
		"sector_cumprcnt": 0.8882,
		"green": false,
		"green_sum": 0.0316,
		"green_prcnt": 0.2334,
		"asset_class_translation": "Listed Equity",
		"equity_market_translation": "Global Market",
		"ald_sector_translation": "Power",
		"technology_translation": "Oil Power",
		"portfolio_name_translation": "portfolio_name"
	},
	{
		"asset_class": "Listed Equity",
		"equity_market": "Global Market",
		"portfolio_name": "portfolio_name",
		"this_portfolio": true,
		"ald_sector": "Power",
		"technology": "CoalCap",
		"plan_carsten": 0.0066,
		"sector_sum": 0.1352,
		"sector_prcnt": 0.0491,
		"cumsum": 0.1286,
		"sector_cumprcnt": 0.9509,
		"green": false,
		"green_sum": 0.0316,
		"green_prcnt": 0.2334,
		"asset_class_translation": "Listed Equity",
		"equity_market_translation": "Global Market",
		"ald_sector_translation": "Power",
		"technology_translation": "Coal Power",
		"portfolio_name_translation": "portfolio_name"
	},
	{
		"asset_class": "Listed Equity",
		"equity_market": "Global Market",
		"portfolio_name": "portfolio_name",
		"this_portfolio": true,
		"ald_sector": "Automotive",
		"technology": "Electric",
		"plan_carsten": 0.0123,
		"sector_sum": 0.1091,
		"sector_prcnt": 0.1132,
		"cumsum": 0,
		"sector_cumprcnt": 0,
		"green": true,
		"green_sum": 0.0204,
		"green_prcnt": 0.187,
		"asset_class_translation": "Listed Equity",
		"equity_market_translation": "Global Market",
		"ald_sector_translation": "Automotive",
		"technology_translation": "LDV: Electric",
		"portfolio_name_translation": "portfolio_name"
	},
	{
		"asset_class": "Listed Equity",
		"equity_market": "Global Market",
		"portfolio_name": "portfolio_name",
		"this_portfolio": true,
		"ald_sector": "Automotive",
		"technology": "FuelCell",
		"plan_carsten": 0,
		"sector_sum": 0.1091,
		"sector_prcnt": 0.0004,
		"cumsum": 0.0123,
		"sector_cumprcnt": 0.1132,
		"green": true,
		"green_sum": 0.0204,
		"green_prcnt": 0.187,
		"asset_class_translation": "Listed Equity",
		"equity_market_translation": "Global Market",
		"ald_sector_translation": "Automotive",
		"technology_translation": "LDV: Fuel Cell",
		"portfolio_name_translation": "portfolio_name"
	},
	{
		"asset_class": "Listed Equity",
		"equity_market": "Global Market",
		"portfolio_name": "portfolio_name",
		"this_portfolio": true,
		"ald_sector": "Automotive",
		"technology": "Hybrid",
		"plan_carsten": 0.008,
		"sector_sum": 0.1091,
		"sector_prcnt": 0.0734,
		"cumsum": 0.0124,
		"sector_cumprcnt": 0.1137,
		"green": true,
		"green_sum": 0.0204,
		"green_prcnt": 0.187,
		"asset_class_translation": "Listed Equity",
		"equity_market_translation": "Global Market",
		"ald_sector_translation": "Automotive",
		"technology_translation": "LDV: Hybrid",
		"portfolio_name_translation": "portfolio_name"
	},
	{
		"asset_class": "Listed Equity",
		"equity_market": "Global Market",
		"portfolio_name": "portfolio_name",
		"this_portfolio": true,
		"ald_sector": "Automotive",
		"technology": "ICE",
		"plan_carsten": 0.0887,
		"sector_sum": 0.1091,
		"sector_prcnt": 0.813,
		"cumsum": 0.0204,
		"sector_cumprcnt": 0.187,
		"green": false,
		"green_sum": 0.0887,
		"green_prcnt": 0.813,
		"asset_class_translation": "Listed Equity",
		"equity_market_translation": "Global Market",
		"ald_sector_translation": "Automotive",
		"technology_translation": "LDV: ICE",
		"portfolio_name_translation": "portfolio_name"
	},
	{
		"asset_class": "Listed Equity",
		"equity_market": "Global Market",
		"portfolio_name": "portfolio_name",
		"this_portfolio": true,
		"ald_sector": "Coal",
		"technology": "Coal",
		"plan_carsten": 0.0286,
		"sector_sum": 0.0286,
		"sector_prcnt": 1,
		"cumsum": 0,
		"sector_cumprcnt": 0,
		"green": false,
		"green_sum": 0.0286,
		"green_prcnt": 1,
		"asset_class_translation": "Listed Equity",
		"equity_market_translation": "Global Market",
		"ald_sector_translation": "Coal",
		"technology_translation": "Coal",
		"portfolio_name_translation": "portfolio_name"
	},
	{
		"asset_class": "Listed Equity",
		"equity_market": "Global Market",
		"portfolio_name": "portfolio_name",
		"this_portfolio": true,
		"ald_sector": "Cement",
		"technology": "Integrated facility",
		"plan_carsten": 0.1206,
		"sector_sum": 0.1206,
		"sector_prcnt": 1,
		"cumsum": 0,
		"sector_cumprcnt": 0,
		"green": false,
		"green_sum": 0.1206,
		"green_prcnt": 1,
		"asset_class_translation": "Listed Equity",
		"equity_market_translation": "Global Market",
		"ald_sector_translation": "Cement",
		"technology_translation": "Integrated facility",
		"portfolio_name_translation": "portfolio_name"
	},
	{
		"asset_class": "Listed Equity",
		"equity_market": "Global Market",
		"portfolio_name": "portfolio_name",
		"this_portfolio": true,
		"ald_sector": "Steel",
		"technology": "Electric Arc Furnace",
		"plan_carsten": 0.0946,
		"sector_sum": 0.1191,
		"sector_prcnt": 0.794,
		"cumsum": 0,
		"sector_cumprcnt": 0,
		"green": true,
		"green_sum": 0.0946,
		"green_prcnt": 0.794,
		"asset_class_translation": "Listed Equity",
		"equity_market_translation": "Global Market",
		"ald_sector_translation": "Steel",
		"technology_translation": "Electric Arc Furnace",
		"portfolio_name_translation": "portfolio_name"
	},
	{
		"asset_class": "Listed Equity",
		"equity_market": "Global Market",
		"portfolio_name": "portfolio_name",
		"this_portfolio": true,
		"ald_sector": "Steel",
		"technology": "Open Hearth Furnace",
		"plan_carsten": 0,
		"sector_sum": 0.1191,
		"sector_prcnt": 0,
		"cumsum": 0.0946,
		"sector_cumprcnt": 0.794,
		"green": false,
		"green_sum": 0.0245,
		"green_prcnt": 0.206,
		"asset_class_translation": "Listed Equity",
		"equity_market_translation": "Global Market",
		"ald_sector_translation": "Steel",
		"technology_translation": "Open Hearth Furnace",
		"portfolio_name_translation": "portfolio_name"
	},
	{
		"asset_class": "Listed Equity",
		"equity_market": "Global Market",
		"portfolio_name": "portfolio_name",
		"this_portfolio": true,
		"ald_sector": "Steel",
		"technology": "Basic Oxygen Furnace",
		"plan_carsten": 0.0245,
		"sector_sum": 0.1191,
		"sector_prcnt": 0.206,
		"cumsum": 0.0946,
		"sector_cumprcnt": 0.794,
		"green": false,
		"green_sum": 0.0245,
		"green_prcnt": 0.206,
		"asset_class_translation": "Listed Equity",
		"equity_market_translation": "Global Market",
		"ald_sector_translation": "Steel",
		"technology_translation": "Basic Oxygen Furnace",
		"portfolio_name_translation": "portfolio_name"
	},
	{
		"asset_class": "Listed Equity",
		"equity_market": "Global Market",
		"portfolio_name": "portfolio_name",
		"this_portfolio": true,
		"ald_sector": "Aviation",
		"technology": "Freight",
		"plan_carsten": 0.0007,
		"sector_sum": 0.0996,
		"sector_prcnt": 0.0066,
		"cumsum": 0,
		"sector_cumprcnt": 0,
		"green": false,
		"green_sum": 0.0996,
		"green_prcnt": 1,
		"asset_class_translation": "Listed Equity",
		"equity_market_translation": "Global Market",
		"ald_sector_translation": "Aviation",
		"technology_translation": "Freight",
		"portfolio_name_translation": "portfolio_name"
	},
	{
		"asset_class": "Listed Equity",
		"equity_market": "Global Market",
		"portfolio_name": "portfolio_name",
		"this_portfolio": true,
		"ald_sector": "Aviation",
		"technology": "Passenger",
		"plan_carsten": 0.0989,
		"sector_sum": 0.0996,
		"sector_prcnt": 0.9934,
		"cumsum": 0.0007,
		"sector_cumprcnt": 0.0066,
		"green": false,
		"green_sum": 0.0996,
		"green_prcnt": 1,
		"asset_class_translation": "Listed Equity",
		"equity_market_translation": "Global Market",
		"ald_sector_translation": "Aviation",
		"technology_translation": "Passenger",
		"portfolio_name_translation": "portfolio_name"
	},
	{
		"asset_class": "Listed Equity",
		"equity_market": "Global Market",
		"portfolio_name": "iShares Core S&P 500 ETF",
		"this_portfolio": false,
		"ald_sector": "Power",
		"technology": "RenewablesCap",
		"plan_carsten": 0.0064,
		"sector_sum": 0.0236,
		"sector_prcnt": 0.2696,
		"cumsum": 0,
		"sector_cumprcnt": 0,
		"green": true,
		"green_sum": 0.0109,
		"green_prcnt": 0.4609,
		"asset_class_translation": "Listed Equity",
		"equity_market_translation": "Global Market",
		"ald_sector_translation": "Power",
		"technology_translation": "Renewables",
		"portfolio_name_translation": "iShares Core S&P 500 ETF"
	},
	{
		"asset_class": "Listed Equity",
		"equity_market": "Global Market",
		"portfolio_name": "iShares Core S&P 500 ETF",
		"this_portfolio": false,
		"ald_sector": "Power",
		"technology": "HydroCap",
		"plan_carsten": 0.0012,
		"sector_sum": 0.0236,
		"sector_prcnt": 0.052,
		"cumsum": 0.0064,
		"sector_cumprcnt": 0.2696,
		"green": true,
		"green_sum": 0.0109,
		"green_prcnt": 0.4609,
		"asset_class_translation": "Listed Equity",
		"equity_market_translation": "Global Market",
		"ald_sector_translation": "Power",
		"technology_translation": "Hydropower",
		"portfolio_name_translation": "iShares Core S&P 500 ETF"
	},
	{
		"asset_class": "Listed Equity",
		"equity_market": "Global Market",
		"portfolio_name": "iShares Core S&P 500 ETF",
		"this_portfolio": false,
		"ald_sector": "Power",
		"technology": "NuclearCap",
		"plan_carsten": 0.0033,
		"sector_sum": 0.0236,
		"sector_prcnt": 0.1393,
		"cumsum": 0.0076,
		"sector_cumprcnt": 0.3216,
		"green": true,
		"green_sum": 0.0109,
		"green_prcnt": 0.4609,
		"asset_class_translation": "Listed Equity",
		"equity_market_translation": "Global Market",
		"ald_sector_translation": "Power",
		"technology_translation": "Nuclear Power",
		"portfolio_name_translation": "iShares Core S&P 500 ETF"
	},
	{
		"asset_class": "Listed Equity",
		"equity_market": "Global Market",
		"portfolio_name": "iShares Core S&P 500 ETF",
		"this_portfolio": false,
		"ald_sector": "Power",
		"technology": "GasCap",
		"plan_carsten": 0.0078,
		"sector_sum": 0.0236,
		"sector_prcnt": 0.3291,
		"cumsum": 0.0109,
		"sector_cumprcnt": 0.4609,
		"green": false,
		"green_sum": 0.0127,
		"green_prcnt": 0.5391,
		"asset_class_translation": "Listed Equity",
		"equity_market_translation": "Global Market",
		"ald_sector_translation": "Power",
		"technology_translation": "Gas Power",
		"portfolio_name_translation": "iShares Core S&P 500 ETF"
	},
	{
		"asset_class": "Listed Equity",
		"equity_market": "Global Market",
		"portfolio_name": "iShares Core S&P 500 ETF",
		"this_portfolio": false,
		"ald_sector": "Power",
		"technology": "OilCap",
		"plan_carsten": 0.0008,
		"sector_sum": 0.0236,
		"sector_prcnt": 0.0344,
		"cumsum": 0.0186,
		"sector_cumprcnt": 0.79,
		"green": false,
		"green_sum": 0.0127,
		"green_prcnt": 0.5391,
		"asset_class_translation": "Listed Equity",
		"equity_market_translation": "Global Market",
		"ald_sector_translation": "Power",
		"technology_translation": "Oil Power",
		"portfolio_name_translation": "iShares Core S&P 500 ETF"
	},
	{
		"asset_class": "Listed Equity",
		"equity_market": "Global Market",
		"portfolio_name": "iShares Core S&P 500 ETF",
		"this_portfolio": false,
		"ald_sector": "Power",
		"technology": "CoalCap",
		"plan_carsten": 0.0041,
		"sector_sum": 0.0236,
		"sector_prcnt": 0.1756,
		"cumsum": 0.0194,
		"sector_cumprcnt": 0.8244,
		"green": false,
		"green_sum": 0.0127,
		"green_prcnt": 0.5391,
		"asset_class_translation": "Listed Equity",
		"equity_market_translation": "Global Market",
		"ald_sector_translation": "Power",
		"technology_translation": "Coal Power",
		"portfolio_name_translation": "iShares Core S&P 500 ETF"
	},
	{
		"asset_class": "Listed Equity",
		"equity_market": "Global Market",
		"portfolio_name": "iShares Core S&P 500 ETF",
		"this_portfolio": false,
		"ald_sector": "Automotive",
		"technology": "Electric",
		"plan_carsten": 0.0173,
		"sector_sum": 0.0196,
		"sector_prcnt": 0.883,
		"cumsum": 0,
		"sector_cumprcnt": 0,
		"green": true,
		"green_sum": 0.0174,
		"green_prcnt": 0.8853,
		"asset_class_translation": "Listed Equity",
		"equity_market_translation": "Global Market",
		"ald_sector_translation": "Automotive",
		"technology_translation": "LDV: Electric",
		"portfolio_name_translation": "iShares Core S&P 500 ETF"
	},
	{
		"asset_class": "Listed Equity",
		"equity_market": "Global Market",
		"portfolio_name": "iShares Core S&P 500 ETF",
		"this_portfolio": false,
		"ald_sector": "Automotive",
		"technology": "FuelCell",
		"plan_carsten": 0,
		"sector_sum": 0.0196,
		"sector_prcnt": 0,
		"cumsum": 0.0173,
		"sector_cumprcnt": 0.883,
		"green": true,
		"green_sum": 0.0174,
		"green_prcnt": 0.8853,
		"asset_class_translation": "Listed Equity",
		"equity_market_translation": "Global Market",
		"ald_sector_translation": "Automotive",
		"technology_translation": "LDV: Fuel Cell",
		"portfolio_name_translation": "iShares Core S&P 500 ETF"
	},
	{
		"asset_class": "Listed Equity",
		"equity_market": "Global Market",
		"portfolio_name": "iShares Core S&P 500 ETF",
		"this_portfolio": false,
		"ald_sector": "Automotive",
		"technology": "Hybrid",
		"plan_carsten": 0,
		"sector_sum": 0.0196,
		"sector_prcnt": 0.0024,
		"cumsum": 0.0173,
		"sector_cumprcnt": 0.883,
		"green": true,
		"green_sum": 0.0174,
		"green_prcnt": 0.8853,
		"asset_class_translation": "Listed Equity",
		"equity_market_translation": "Global Market",
		"ald_sector_translation": "Automotive",
		"technology_translation": "LDV: Hybrid",
		"portfolio_name_translation": "iShares Core S&P 500 ETF"
	},
	{
		"asset_class": "Listed Equity",
		"equity_market": "Global Market",
		"portfolio_name": "iShares Core S&P 500 ETF",
		"this_portfolio": false,
		"ald_sector": "Automotive",
		"technology": "ICE",
		"plan_carsten": 0.0022,
		"sector_sum": 0.0196,
		"sector_prcnt": 0.1147,
		"cumsum": 0.0174,
		"sector_cumprcnt": 0.8853,
		"green": false,
		"green_sum": 0.0022,
		"green_prcnt": 0.1147,
		"asset_class_translation": "Listed Equity",
		"equity_market_translation": "Global Market",
		"ald_sector_translation": "Automotive",
		"technology_translation": "LDV: ICE",
		"portfolio_name_translation": "iShares Core S&P 500 ETF"
	},
	{
		"asset_class": "Listed Equity",
		"equity_market": "Global Market",
		"portfolio_name": "iShares Core S&P 500 ETF",
		"this_portfolio": false,
		"ald_sector": "Cement",
		"technology": "Integrated facility",
		"plan_carsten": 0.0008,
		"sector_sum": 0.0008,
		"sector_prcnt": 1,
		"cumsum": 0,
		"sector_cumprcnt": 0,
		"green": false,
		"green_sum": 0.0008,
		"green_prcnt": 1,
		"asset_class_translation": "Listed Equity",
		"equity_market_translation": "Global Market",
		"ald_sector_translation": "Cement",
		"technology_translation": "Integrated facility",
		"portfolio_name_translation": "iShares Core S&P 500 ETF"
	},
	{
		"asset_class": "Listed Equity",
		"equity_market": "Global Market",
		"portfolio_name": "iShares Core S&P 500 ETF",
		"this_portfolio": false,
		"ald_sector": "Steel",
		"technology": "Electric Arc Furnace",
		"plan_carsten": 0.0015,
		"sector_sum": 0.0015,
		"sector_prcnt": 1,
		"cumsum": 0,
		"sector_cumprcnt": 0,
		"green": true,
		"green_sum": 0.0015,
		"green_prcnt": 1,
		"asset_class_translation": "Listed Equity",
		"equity_market_translation": "Global Market",
		"ald_sector_translation": "Steel",
		"technology_translation": "Electric Arc Furnace",
		"portfolio_name_translation": "iShares Core S&P 500 ETF"
	},
	{
		"asset_class": "Listed Equity",
		"equity_market": "Global Market",
		"portfolio_name": "iShares Core S&P 500 ETF",
		"this_portfolio": false,
		"ald_sector": "Steel",
		"technology": "Open Hearth Furnace",
		"plan_carsten": 0,
		"sector_sum": 0.0015,
		"sector_prcnt": 0,
		"cumsum": 0.0015,
		"sector_cumprcnt": 1,
		"green": false,
		"green_sum": 0,
		"green_prcnt": 0,
		"asset_class_translation": "Listed Equity",
		"equity_market_translation": "Global Market",
		"ald_sector_translation": "Steel",
		"technology_translation": "Open Hearth Furnace",
		"portfolio_name_translation": "iShares Core S&P 500 ETF"
	},
	{
		"asset_class": "Listed Equity",
		"equity_market": "Global Market",
		"portfolio_name": "iShares Core S&P 500 ETF",
		"this_portfolio": false,
		"ald_sector": "Steel",
		"technology": "Basic Oxygen Furnace",
		"plan_carsten": 0,
		"sector_sum": 0.0015,
		"sector_prcnt": 0,
		"cumsum": 0.0015,
		"sector_cumprcnt": 1,
		"green": false,
		"green_sum": 0,
		"green_prcnt": 0,
		"asset_class_translation": "Listed Equity",
		"equity_market_translation": "Global Market",
		"ald_sector_translation": "Steel",
		"technology_translation": "Basic Oxygen Furnace",
		"portfolio_name_translation": "iShares Core S&P 500 ETF"
	},
	{
		"asset_class": "Listed Equity",
		"equity_market": "Global Market",
		"portfolio_name": "iShares Core S&P 500 ETF",
		"this_portfolio": false,
		"ald_sector": "Aviation",
		"technology": "Freight",
		"plan_carsten": 0.0043,
		"sector_sum": 0.006,
		"sector_prcnt": 0.7243,
		"cumsum": 0,
		"sector_cumprcnt": 0,
		"green": false,
		"green_sum": 0.006,
		"green_prcnt": 1,
		"asset_class_translation": "Listed Equity",
		"equity_market_translation": "Global Market",
		"ald_sector_translation": "Aviation",
		"technology_translation": "Freight",
		"portfolio_name_translation": "iShares Core S&P 500 ETF"
	},
	{
		"asset_class": "Listed Equity",
		"equity_market": "Global Market",
		"portfolio_name": "iShares Core S&P 500 ETF",
		"this_portfolio": false,
		"ald_sector": "Aviation",
		"technology": "Passenger",
		"plan_carsten": 0.0016,
		"sector_sum": 0.006,
		"sector_prcnt": 0.2757,
		"cumsum": 0.0043,
		"sector_cumprcnt": 0.7243,
		"green": false,
		"green_sum": 0.006,
		"green_prcnt": 1,
		"asset_class_translation": "Listed Equity",
		"equity_market_translation": "Global Market",
		"ald_sector_translation": "Aviation",
		"technology_translation": "Passenger",
		"portfolio_name_translation": "iShares Core S&P 500 ETF"
	},
	{
		"asset_class": "Listed Equity",
		"equity_market": "Global Market",
		"portfolio_name": "iShares MSCI ACWI ETF",
		"this_portfolio": false,
		"ald_sector": "Power",
		"technology": "RenewablesCap",
		"plan_carsten": 0.0084,
		"sector_sum": 0.0284,
		"sector_prcnt": 0.2952,
		"cumsum": 0,
		"sector_cumprcnt": 0,
		"green": true,
		"green_sum": 0.0134,
		"green_prcnt": 0.4733,
		"asset_class_translation": "Listed Equity",
		"equity_market_translation": "Global Market",
		"ald_sector_translation": "Power",
		"technology_translation": "Renewables",
		"portfolio_name_translation": "iShares MSCI ACWI ETF"
	},
	{
		"asset_class": "Listed Equity",
		"equity_market": "Global Market",
		"portfolio_name": "iShares MSCI ACWI ETF",
		"this_portfolio": false,
		"ald_sector": "Power",
		"technology": "HydroCap",
		"plan_carsten": 0.0026,
		"sector_sum": 0.0284,
		"sector_prcnt": 0.0931,
		"cumsum": 0.0084,
		"sector_cumprcnt": 0.2952,
		"green": true,
		"green_sum": 0.0134,
		"green_prcnt": 0.4733,
		"asset_class_translation": "Listed Equity",
		"equity_market_translation": "Global Market",
		"ald_sector_translation": "Power",
		"technology_translation": "Hydropower",
		"portfolio_name_translation": "iShares MSCI ACWI ETF"
	},
	{
		"asset_class": "Listed Equity",
		"equity_market": "Global Market",
		"portfolio_name": "iShares MSCI ACWI ETF",
		"this_portfolio": false,
		"ald_sector": "Power",
		"technology": "NuclearCap",
		"plan_carsten": 0.0024,
		"sector_sum": 0.0284,
		"sector_prcnt": 0.085,
		"cumsum": 0.011,
		"sector_cumprcnt": 0.3883,
		"green": true,
		"green_sum": 0.0134,
		"green_prcnt": 0.4733,
		"asset_class_translation": "Listed Equity",
		"equity_market_translation": "Global Market",
		"ald_sector_translation": "Power",
		"technology_translation": "Nuclear Power",
		"portfolio_name_translation": "iShares MSCI ACWI ETF"
	},
	{
		"asset_class": "Listed Equity",
		"equity_market": "Global Market",
		"portfolio_name": "iShares MSCI ACWI ETF",
		"this_portfolio": false,
		"ald_sector": "Power",
		"technology": "GasCap",
		"plan_carsten": 0.0086,
		"sector_sum": 0.0284,
		"sector_prcnt": 0.3024,
		"cumsum": 0.0134,
		"sector_cumprcnt": 0.4733,
		"green": false,
		"green_sum": 0.0149,
		"green_prcnt": 0.5267,
		"asset_class_translation": "Listed Equity",
		"equity_market_translation": "Global Market",
		"ald_sector_translation": "Power",
		"technology_translation": "Gas Power",
		"portfolio_name_translation": "iShares MSCI ACWI ETF"
	},
	{
		"asset_class": "Listed Equity",
		"equity_market": "Global Market",
		"portfolio_name": "iShares MSCI ACWI ETF",
		"this_portfolio": false,
		"ald_sector": "Power",
		"technology": "OilCap",
		"plan_carsten": 0.0011,
		"sector_sum": 0.0284,
		"sector_prcnt": 0.0403,
		"cumsum": 0.022,
		"sector_cumprcnt": 0.7757,
		"green": false,
		"green_sum": 0.0149,
		"green_prcnt": 0.5267,
		"asset_class_translation": "Listed Equity",
		"equity_market_translation": "Global Market",
		"ald_sector_translation": "Power",
		"technology_translation": "Oil Power",
		"portfolio_name_translation": "iShares MSCI ACWI ETF"
	},
	{
		"asset_class": "Listed Equity",
		"equity_market": "Global Market",
		"portfolio_name": "iShares MSCI ACWI ETF",
		"this_portfolio": false,
		"ald_sector": "Power",
		"technology": "CoalCap",
		"plan_carsten": 0.0052,
		"sector_sum": 0.0284,
		"sector_prcnt": 0.1839,
		"cumsum": 0.0232,
		"sector_cumprcnt": 0.8161,
		"green": false,
		"green_sum": 0.0149,
		"green_prcnt": 0.5267,
		"asset_class_translation": "Listed Equity",
		"equity_market_translation": "Global Market",
		"ald_sector_translation": "Power",
		"technology_translation": "Coal Power",
		"portfolio_name_translation": "iShares MSCI ACWI ETF"
	},
	{
		"asset_class": "Listed Equity",
		"equity_market": "Global Market",
		"portfolio_name": "iShares MSCI ACWI ETF",
		"this_portfolio": false,
		"ald_sector": "Automotive",
		"technology": "Electric",
		"plan_carsten": 0.0128,
		"sector_sum": 0.0193,
		"sector_prcnt": 0.6628,
		"cumsum": 0,
		"sector_cumprcnt": 0,
		"green": true,
		"green_sum": 0.0132,
		"green_prcnt": 0.6825,
		"asset_class_translation": "Listed Equity",
		"equity_market_translation": "Global Market",
		"ald_sector_translation": "Automotive",
		"technology_translation": "LDV: Electric",
		"portfolio_name_translation": "iShares MSCI ACWI ETF"
	},
	{
		"asset_class": "Listed Equity",
		"equity_market": "Global Market",
		"portfolio_name": "iShares MSCI ACWI ETF",
		"this_portfolio": false,
		"ald_sector": "Automotive",
		"technology": "FuelCell",
		"plan_carsten": 1.3751e-7,
		"sector_sum": 0.0193,
		"sector_prcnt": 7.1264e-6,
		"cumsum": 0.0128,
		"sector_cumprcnt": 0.6628,
		"green": true,
		"green_sum": 0.0132,
		"green_prcnt": 0.6825,
		"asset_class_translation": "Listed Equity",
		"equity_market_translation": "Global Market",
		"ald_sector_translation": "Automotive",
		"technology_translation": "LDV: Fuel Cell",
		"portfolio_name_translation": "iShares MSCI ACWI ETF"
	},
	{
		"asset_class": "Listed Equity",
		"equity_market": "Global Market",
		"portfolio_name": "iShares MSCI ACWI ETF",
		"this_portfolio": false,
		"ald_sector": "Automotive",
		"technology": "Hybrid",
		"plan_carsten": 0.0004,
		"sector_sum": 0.0193,
		"sector_prcnt": 0.0197,
		"cumsum": 0.0128,
		"sector_cumprcnt": 0.6628,
		"green": true,
		"green_sum": 0.0132,
		"green_prcnt": 0.6825,
		"asset_class_translation": "Listed Equity",
		"equity_market_translation": "Global Market",
		"ald_sector_translation": "Automotive",
		"technology_translation": "LDV: Hybrid",
		"portfolio_name_translation": "iShares MSCI ACWI ETF"
	},
	{
		"asset_class": "Listed Equity",
		"equity_market": "Global Market",
		"portfolio_name": "iShares MSCI ACWI ETF",
		"this_portfolio": false,
		"ald_sector": "Automotive",
		"technology": "ICE",
		"plan_carsten": 0.0061,
		"sector_sum": 0.0193,
		"sector_prcnt": 0.3175,
		"cumsum": 0.0132,
		"sector_cumprcnt": 0.6825,
		"green": false,
		"green_sum": 0.0061,
		"green_prcnt": 0.3175,
		"asset_class_translation": "Listed Equity",
		"equity_market_translation": "Global Market",
		"ald_sector_translation": "Automotive",
		"technology_translation": "LDV: ICE",
		"portfolio_name_translation": "iShares MSCI ACWI ETF"
	},
	{
		"asset_class": "Listed Equity",
		"equity_market": "Global Market",
		"portfolio_name": "iShares MSCI ACWI ETF",
		"this_portfolio": false,
		"ald_sector": "Coal",
		"technology": "Coal",
		"plan_carsten": 0.0012,
		"sector_sum": 0.0012,
		"sector_prcnt": 1,
		"cumsum": 0,
		"sector_cumprcnt": 0,
		"green": false,
		"green_sum": 0.0012,
		"green_prcnt": 1,
		"asset_class_translation": "Listed Equity",
		"equity_market_translation": "Global Market",
		"ald_sector_translation": "Coal",
		"technology_translation": "Coal",
		"portfolio_name_translation": "iShares MSCI ACWI ETF"
	},
	{
		"asset_class": "Listed Equity",
		"equity_market": "Global Market",
		"portfolio_name": "iShares MSCI ACWI ETF",
		"this_portfolio": false,
		"ald_sector": "Cement",
		"technology": "Integrated facility",
		"plan_carsten": 0.003,
		"sector_sum": 0.003,
		"sector_prcnt": 1,
		"cumsum": 0,
		"sector_cumprcnt": 0,
		"green": false,
		"green_sum": 0.003,
		"green_prcnt": 1,
		"asset_class_translation": "Listed Equity",
		"equity_market_translation": "Global Market",
		"ald_sector_translation": "Cement",
		"technology_translation": "Integrated facility",
		"portfolio_name_translation": "iShares MSCI ACWI ETF"
	},
	{
		"asset_class": "Listed Equity",
		"equity_market": "Global Market",
		"portfolio_name": "iShares MSCI ACWI ETF",
		"this_portfolio": false,
		"ald_sector": "Steel",
		"technology": "Electric Arc Furnace",
		"plan_carsten": 0.0015,
		"sector_sum": 0.0037,
		"sector_prcnt": 0.4106,
		"cumsum": 0,
		"sector_cumprcnt": 0,
		"green": true,
		"green_sum": 0.0015,
		"green_prcnt": 0.4106,
		"asset_class_translation": "Listed Equity",
		"equity_market_translation": "Global Market",
		"ald_sector_translation": "Steel",
		"technology_translation": "Electric Arc Furnace",
		"portfolio_name_translation": "iShares MSCI ACWI ETF"
	},
	{
		"asset_class": "Listed Equity",
		"equity_market": "Global Market",
		"portfolio_name": "iShares MSCI ACWI ETF",
		"this_portfolio": false,
		"ald_sector": "Steel",
		"technology": "Open Hearth Furnace",
		"plan_carsten": 0,
		"sector_sum": 0.0037,
		"sector_prcnt": 0.0048,
		"cumsum": 0.0015,
		"sector_cumprcnt": 0.4106,
		"green": false,
		"green_sum": 0.0022,
		"green_prcnt": 0.5894,
		"asset_class_translation": "Listed Equity",
		"equity_market_translation": "Global Market",
		"ald_sector_translation": "Steel",
		"technology_translation": "Open Hearth Furnace",
		"portfolio_name_translation": "iShares MSCI ACWI ETF"
	},
	{
		"asset_class": "Listed Equity",
		"equity_market": "Global Market",
		"portfolio_name": "iShares MSCI ACWI ETF",
		"this_portfolio": false,
		"ald_sector": "Steel",
		"technology": "Basic Oxygen Furnace",
		"plan_carsten": 0.0022,
		"sector_sum": 0.0037,
		"sector_prcnt": 0.5846,
		"cumsum": 0.0015,
		"sector_cumprcnt": 0.4154,
		"green": false,
		"green_sum": 0.0022,
		"green_prcnt": 0.5894,
		"asset_class_translation": "Listed Equity",
		"equity_market_translation": "Global Market",
		"ald_sector_translation": "Steel",
		"technology_translation": "Basic Oxygen Furnace",
		"portfolio_name_translation": "iShares MSCI ACWI ETF"
	},
	{
		"asset_class": "Listed Equity",
		"equity_market": "Global Market",
		"portfolio_name": "iShares MSCI ACWI ETF",
		"this_portfolio": false,
		"ald_sector": "Aviation",
		"technology": "Freight",
		"plan_carsten": 0.0039,
		"sector_sum": 0.0045,
		"sector_prcnt": 0.8552,
		"cumsum": 0,
		"sector_cumprcnt": 0,
		"green": false,
		"green_sum": 0.0045,
		"green_prcnt": 1,
		"asset_class_translation": "Listed Equity",
		"equity_market_translation": "Global Market",
		"ald_sector_translation": "Aviation",
		"technology_translation": "Freight",
		"portfolio_name_translation": "iShares MSCI ACWI ETF"
	},
	{
		"asset_class": "Listed Equity",
		"equity_market": "Global Market",
		"portfolio_name": "iShares MSCI ACWI ETF",
		"this_portfolio": false,
		"ald_sector": "Aviation",
		"technology": "Passenger",
		"plan_carsten": 0.0007,
		"sector_sum": 0.0045,
		"sector_prcnt": 0.1448,
		"cumsum": 0.0039,
		"sector_cumprcnt": 0.8552,
		"green": false,
		"green_sum": 0.0045,
		"green_prcnt": 1,
		"asset_class_translation": "Listed Equity",
		"equity_market_translation": "Global Market",
		"ald_sector_translation": "Aviation",
		"technology_translation": "Passenger",
		"portfolio_name_translation": "iShares MSCI ACWI ETF"
	},
	{
		"asset_class": "Listed Equity",
		"equity_market": "Global Market",
		"portfolio_name": "iShares MSCI EM UCITS ETF USD (Acc)",
		"this_portfolio": false,
		"ald_sector": "Power",
		"technology": "RenewablesCap",
		"plan_carsten": 0.0071,
		"sector_sum": 0.0342,
		"sector_prcnt": 0.2065,
		"cumsum": 0,
		"sector_cumprcnt": 0,
		"green": true,
		"green_sum": 0.0172,
		"green_prcnt": 0.503,
		"asset_class_translation": "Listed Equity",
		"equity_market_translation": "Global Market",
		"ald_sector_translation": "Power",
		"technology_translation": "Renewables",
		"portfolio_name_translation": "iShares MSCI EM UCITS ETF USD (Acc)"
	},
	{
		"asset_class": "Listed Equity",
		"equity_market": "Global Market",
		"portfolio_name": "iShares MSCI EM UCITS ETF USD (Acc)",
		"this_portfolio": false,
		"ald_sector": "Power",
		"technology": "HydroCap",
		"plan_carsten": 0.0094,
		"sector_sum": 0.0342,
		"sector_prcnt": 0.2748,
		"cumsum": 0.0071,
		"sector_cumprcnt": 0.2065,
		"green": true,
		"green_sum": 0.0172,
		"green_prcnt": 0.503,
		"asset_class_translation": "Listed Equity",
		"equity_market_translation": "Global Market",
		"ald_sector_translation": "Power",
		"technology_translation": "Hydropower",
		"portfolio_name_translation": "iShares MSCI EM UCITS ETF USD (Acc)"
	},
	{
		"asset_class": "Listed Equity",
		"equity_market": "Global Market",
		"portfolio_name": "iShares MSCI EM UCITS ETF USD (Acc)",
		"this_portfolio": false,
		"ald_sector": "Power",
		"technology": "NuclearCap",
		"plan_carsten": 0.0007,
		"sector_sum": 0.0342,
		"sector_prcnt": 0.0217,
		"cumsum": 0.0165,
		"sector_cumprcnt": 0.4813,
		"green": true,
		"green_sum": 0.0172,
		"green_prcnt": 0.503,
		"asset_class_translation": "Listed Equity",
		"equity_market_translation": "Global Market",
		"ald_sector_translation": "Power",
		"technology_translation": "Nuclear Power",
		"portfolio_name_translation": "iShares MSCI EM UCITS ETF USD (Acc)"
	},
	{
		"asset_class": "Listed Equity",
		"equity_market": "Global Market",
		"portfolio_name": "iShares MSCI EM UCITS ETF USD (Acc)",
		"this_portfolio": false,
		"ald_sector": "Power",
		"technology": "GasCap",
		"plan_carsten": 0.0072,
		"sector_sum": 0.0342,
		"sector_prcnt": 0.2103,
		"cumsum": 0.0172,
		"sector_cumprcnt": 0.503,
		"green": false,
		"green_sum": 0.017,
		"green_prcnt": 0.497,
		"asset_class_translation": "Listed Equity",
		"equity_market_translation": "Global Market",
		"ald_sector_translation": "Power",
		"technology_translation": "Gas Power",
		"portfolio_name_translation": "iShares MSCI EM UCITS ETF USD (Acc)"
	},
	{
		"asset_class": "Listed Equity",
		"equity_market": "Global Market",
		"portfolio_name": "iShares MSCI EM UCITS ETF USD (Acc)",
		"this_portfolio": false,
		"ald_sector": "Power",
		"technology": "OilCap",
		"plan_carsten": 0.0021,
		"sector_sum": 0.0342,
		"sector_prcnt": 0.0614,
		"cumsum": 0.0244,
		"sector_cumprcnt": 0.7133,
		"green": false,
		"green_sum": 0.017,
		"green_prcnt": 0.497,
		"asset_class_translation": "Listed Equity",
		"equity_market_translation": "Global Market",
		"ald_sector_translation": "Power",
		"technology_translation": "Oil Power",
		"portfolio_name_translation": "iShares MSCI EM UCITS ETF USD (Acc)"
	},
	{
		"asset_class": "Listed Equity",
		"equity_market": "Global Market",
		"portfolio_name": "iShares MSCI EM UCITS ETF USD (Acc)",
		"this_portfolio": false,
		"ald_sector": "Power",
		"technology": "CoalCap",
		"plan_carsten": 0.0077,
		"sector_sum": 0.0342,
		"sector_prcnt": 0.2252,
		"cumsum": 0.0265,
		"sector_cumprcnt": 0.7748,
		"green": false,
		"green_sum": 0.017,
		"green_prcnt": 0.497,
		"asset_class_translation": "Listed Equity",
		"equity_market_translation": "Global Market",
		"ald_sector_translation": "Power",
		"technology_translation": "Coal Power",
		"portfolio_name_translation": "iShares MSCI EM UCITS ETF USD (Acc)"
	},
	{
		"asset_class": "Listed Equity",
		"equity_market": "Global Market",
		"portfolio_name": "iShares MSCI EM UCITS ETF USD (Acc)",
		"this_portfolio": false,
		"ald_sector": "Automotive",
		"technology": "Electric",
		"plan_carsten": 0.0113,
		"sector_sum": 0.0139,
		"sector_prcnt": 0.8161,
		"cumsum": 0,
		"sector_cumprcnt": 0,
		"green": true,
		"green_sum": 0.0115,
		"green_prcnt": 0.8288,
		"asset_class_translation": "Listed Equity",
		"equity_market_translation": "Global Market",
		"ald_sector_translation": "Automotive",
		"technology_translation": "LDV: Electric",
		"portfolio_name_translation": "iShares MSCI EM UCITS ETF USD (Acc)"
	},
	{
		"asset_class": "Listed Equity",
		"equity_market": "Global Market",
		"portfolio_name": "iShares MSCI EM UCITS ETF USD (Acc)",
		"this_portfolio": false,
		"ald_sector": "Automotive",
		"technology": "FuelCell",
		"plan_carsten": 1.7191e-8,
		"sector_sum": 0.0139,
		"sector_prcnt": 1.2384e-6,
		"cumsum": 0.0113,
		"sector_cumprcnt": 0.8161,
		"green": true,
		"green_sum": 0.0115,
		"green_prcnt": 0.8288,
		"asset_class_translation": "Listed Equity",
		"equity_market_translation": "Global Market",
		"ald_sector_translation": "Automotive",
		"technology_translation": "LDV: Fuel Cell",
		"portfolio_name_translation": "iShares MSCI EM UCITS ETF USD (Acc)"
	},
	{
		"asset_class": "Listed Equity",
		"equity_market": "Global Market",
		"portfolio_name": "iShares MSCI EM UCITS ETF USD (Acc)",
		"this_portfolio": false,
		"ald_sector": "Automotive",
		"technology": "Hybrid",
		"plan_carsten": 0.0002,
		"sector_sum": 0.0139,
		"sector_prcnt": 0.0127,
		"cumsum": 0.0113,
		"sector_cumprcnt": 0.8161,
		"green": true,
		"green_sum": 0.0115,
		"green_prcnt": 0.8288,
		"asset_class_translation": "Listed Equity",
		"equity_market_translation": "Global Market",
		"ald_sector_translation": "Automotive",
		"technology_translation": "LDV: Hybrid",
		"portfolio_name_translation": "iShares MSCI EM UCITS ETF USD (Acc)"
	},
	{
		"asset_class": "Listed Equity",
		"equity_market": "Global Market",
		"portfolio_name": "iShares MSCI EM UCITS ETF USD (Acc)",
		"this_portfolio": false,
		"ald_sector": "Automotive",
		"technology": "ICE",
		"plan_carsten": 0.0024,
		"sector_sum": 0.0139,
		"sector_prcnt": 0.1712,
		"cumsum": 0.0115,
		"sector_cumprcnt": 0.8288,
		"green": false,
		"green_sum": 0.0024,
		"green_prcnt": 0.1712,
		"asset_class_translation": "Listed Equity",
		"equity_market_translation": "Global Market",
		"ald_sector_translation": "Automotive",
		"technology_translation": "LDV: ICE",
		"portfolio_name_translation": "iShares MSCI EM UCITS ETF USD (Acc)"
	},
	{
		"asset_class": "Listed Equity",
		"equity_market": "Global Market",
		"portfolio_name": "iShares MSCI EM UCITS ETF USD (Acc)",
		"this_portfolio": false,
		"ald_sector": "Coal",
		"technology": "Coal",
		"plan_carsten": 0.0052,
		"sector_sum": 0.0052,
		"sector_prcnt": 1,
		"cumsum": 0,
		"sector_cumprcnt": 0,
		"green": false,
		"green_sum": 0.0052,
		"green_prcnt": 1,
		"asset_class_translation": "Listed Equity",
		"equity_market_translation": "Global Market",
		"ald_sector_translation": "Coal",
		"technology_translation": "Coal",
		"portfolio_name_translation": "iShares MSCI EM UCITS ETF USD (Acc)"
	},
	{
		"asset_class": "Listed Equity",
		"equity_market": "Global Market",
		"portfolio_name": "iShares MSCI EM UCITS ETF USD (Acc)",
		"this_portfolio": false,
		"ald_sector": "Cement",
		"technology": "Integrated facility",
		"plan_carsten": 0.0021,
		"sector_sum": 0.0021,
		"sector_prcnt": 1,
		"cumsum": 0,
		"sector_cumprcnt": 0,
		"green": false,
		"green_sum": 0.0021,
		"green_prcnt": 1,
		"asset_class_translation": "Listed Equity",
		"equity_market_translation": "Global Market",
		"ald_sector_translation": "Cement",
		"technology_translation": "Integrated facility",
		"portfolio_name_translation": "iShares MSCI EM UCITS ETF USD (Acc)"
	},
	{
		"asset_class": "Listed Equity",
		"equity_market": "Global Market",
		"portfolio_name": "iShares MSCI EM UCITS ETF USD (Acc)",
		"this_portfolio": false,
		"ald_sector": "Steel",
		"technology": "Electric Arc Furnace",
		"plan_carsten": 0.0032,
		"sector_sum": 0.0303,
		"sector_prcnt": 0.1052,
		"cumsum": 0,
		"sector_cumprcnt": 0,
		"green": true,
		"green_sum": 0.0032,
		"green_prcnt": 0.1052,
		"asset_class_translation": "Listed Equity",
		"equity_market_translation": "Global Market",
		"ald_sector_translation": "Steel",
		"technology_translation": "Electric Arc Furnace",
		"portfolio_name_translation": "iShares MSCI EM UCITS ETF USD (Acc)"
	},
	{
		"asset_class": "Listed Equity",
		"equity_market": "Global Market",
		"portfolio_name": "iShares MSCI EM UCITS ETF USD (Acc)",
		"this_portfolio": false,
		"ald_sector": "Steel",
		"technology": "Open Hearth Furnace",
		"plan_carsten": 0,
		"sector_sum": 0.0303,
		"sector_prcnt": 0,
		"cumsum": 0.0032,
		"sector_cumprcnt": 0.1052,
		"green": false,
		"green_sum": 0.0271,
		"green_prcnt": 0.8948,
		"asset_class_translation": "Listed Equity",
		"equity_market_translation": "Global Market",
		"ald_sector_translation": "Steel",
		"technology_translation": "Open Hearth Furnace",
		"portfolio_name_translation": "iShares MSCI EM UCITS ETF USD (Acc)"
	},
	{
		"asset_class": "Listed Equity",
		"equity_market": "Global Market",
		"portfolio_name": "iShares MSCI EM UCITS ETF USD (Acc)",
		"this_portfolio": false,
		"ald_sector": "Steel",
		"technology": "Basic Oxygen Furnace",
		"plan_carsten": 0.0271,
		"sector_sum": 0.0303,
		"sector_prcnt": 0.8948,
		"cumsum": 0.0032,
		"sector_cumprcnt": 0.1052,
		"green": false,
		"green_sum": 0.0271,
		"green_prcnt": 0.8948,
		"asset_class_translation": "Listed Equity",
		"equity_market_translation": "Global Market",
		"ald_sector_translation": "Steel",
		"technology_translation": "Basic Oxygen Furnace",
		"portfolio_name_translation": "iShares MSCI EM UCITS ETF USD (Acc)"
	},
	{
		"asset_class": "Listed Equity",
		"equity_market": "Global Market",
		"portfolio_name": "iShares MSCI EM UCITS ETF USD (Acc)",
		"this_portfolio": false,
		"ald_sector": "Aviation",
		"technology": "Freight",
		"plan_carsten": 0.0015,
		"sector_sum": 0.0039,
		"sector_prcnt": 0.382,
		"cumsum": 0,
		"sector_cumprcnt": 0,
		"green": false,
		"green_sum": 0.0039,
		"green_prcnt": 1,
		"asset_class_translation": "Listed Equity",
		"equity_market_translation": "Global Market",
		"ald_sector_translation": "Aviation",
		"technology_translation": "Freight",
		"portfolio_name_translation": "iShares MSCI EM UCITS ETF USD (Acc)"
	},
	{
		"asset_class": "Listed Equity",
		"equity_market": "Global Market",
		"portfolio_name": "iShares MSCI EM UCITS ETF USD (Acc)",
		"this_portfolio": false,
		"ald_sector": "Aviation",
		"technology": "Passenger",
		"plan_carsten": 0.0024,
		"sector_sum": 0.0039,
		"sector_prcnt": 0.618,
		"cumsum": 0.0015,
		"sector_cumprcnt": 0.382,
		"green": false,
		"green_sum": 0.0039,
		"green_prcnt": 1,
		"asset_class_translation": "Listed Equity",
		"equity_market_translation": "Global Market",
		"ald_sector_translation": "Aviation",
		"technology_translation": "Passenger",
		"portfolio_name_translation": "iShares MSCI EM UCITS ETF USD (Acc)"
	},
	{
		"asset_class": "Listed Equity",
		"equity_market": "Global Market",
		"portfolio_name": "iShares MSCI World ETF",
		"this_portfolio": false,
		"ald_sector": "Power",
		"technology": "RenewablesCap",
		"plan_carsten": 0.0085,
		"sector_sum": 0.0282,
		"sector_prcnt": 0.3016,
		"cumsum": 0,
		"sector_cumprcnt": 0,
		"green": true,
		"green_sum": 0.0134,
		"green_prcnt": 0.477,
		"asset_class_translation": "Listed Equity",
		"equity_market_translation": "Global Market",
		"ald_sector_translation": "Power",
		"technology_translation": "Renewables",
		"portfolio_name_translation": "iShares MSCI World ETF"
	},
	{
		"asset_class": "Listed Equity",
		"equity_market": "Global Market",
		"portfolio_name": "iShares MSCI World ETF",
		"this_portfolio": false,
		"ald_sector": "Power",
		"technology": "HydroCap",
		"plan_carsten": 0.0023,
		"sector_sum": 0.0282,
		"sector_prcnt": 0.0829,
		"cumsum": 0.0085,
		"sector_cumprcnt": 0.3016,
		"green": true,
		"green_sum": 0.0134,
		"green_prcnt": 0.477,
		"asset_class_translation": "Listed Equity",
		"equity_market_translation": "Global Market",
		"ald_sector_translation": "Power",
		"technology_translation": "Hydropower",
		"portfolio_name_translation": "iShares MSCI World ETF"
	},
	{
		"asset_class": "Listed Equity",
		"equity_market": "Global Market",
		"portfolio_name": "iShares MSCI World ETF",
		"this_portfolio": false,
		"ald_sector": "Power",
		"technology": "NuclearCap",
		"plan_carsten": 0.0026,
		"sector_sum": 0.0282,
		"sector_prcnt": 0.0925,
		"cumsum": 0.0108,
		"sector_cumprcnt": 0.3845,
		"green": true,
		"green_sum": 0.0134,
		"green_prcnt": 0.477,
		"asset_class_translation": "Listed Equity",
		"equity_market_translation": "Global Market",
		"ald_sector_translation": "Power",
		"technology_translation": "Nuclear Power",
		"portfolio_name_translation": "iShares MSCI World ETF"
	},
	{
		"asset_class": "Listed Equity",
		"equity_market": "Global Market",
		"portfolio_name": "iShares MSCI World ETF",
		"this_portfolio": false,
		"ald_sector": "Power",
		"technology": "GasCap",
		"plan_carsten": 0.0086,
		"sector_sum": 0.0282,
		"sector_prcnt": 0.3045,
		"cumsum": 0.0134,
		"sector_cumprcnt": 0.477,
		"green": false,
		"green_sum": 0.0147,
		"green_prcnt": 0.523,
		"asset_class_translation": "Listed Equity",
		"equity_market_translation": "Global Market",
		"ald_sector_translation": "Power",
		"technology_translation": "Gas Power",
		"portfolio_name_translation": "iShares MSCI World ETF"
	},
	{
		"asset_class": "Listed Equity",
		"equity_market": "Global Market",
		"portfolio_name": "iShares MSCI World ETF",
		"this_portfolio": false,
		"ald_sector": "Power",
		"technology": "OilCap",
		"plan_carsten": 0.0011,
		"sector_sum": 0.0282,
		"sector_prcnt": 0.0408,
		"cumsum": 0.022,
		"sector_cumprcnt": 0.7815,
		"green": false,
		"green_sum": 0.0147,
		"green_prcnt": 0.523,
		"asset_class_translation": "Listed Equity",
		"equity_market_translation": "Global Market",
		"ald_sector_translation": "Power",
		"technology_translation": "Oil Power",
		"portfolio_name_translation": "iShares MSCI World ETF"
	},
	{
		"asset_class": "Listed Equity",
		"equity_market": "Global Market",
		"portfolio_name": "iShares MSCI World ETF",
		"this_portfolio": false,
		"ald_sector": "Power",
		"technology": "CoalCap",
		"plan_carsten": 0.005,
		"sector_sum": 0.0282,
		"sector_prcnt": 0.1778,
		"cumsum": 0.0232,
		"sector_cumprcnt": 0.8222,
		"green": false,
		"green_sum": 0.0147,
		"green_prcnt": 0.523,
		"asset_class_translation": "Listed Equity",
		"equity_market_translation": "Global Market",
		"ald_sector_translation": "Power",
		"technology_translation": "Coal Power",
		"portfolio_name_translation": "iShares MSCI World ETF"
	},
	{
		"asset_class": "Listed Equity",
		"equity_market": "Global Market",
		"portfolio_name": "iShares MSCI World ETF",
		"this_portfolio": false,
		"ald_sector": "Automotive",
		"technology": "Electric",
		"plan_carsten": 0.0135,
		"sector_sum": 0.02,
		"sector_prcnt": 0.6771,
		"cumsum": 0,
		"sector_cumprcnt": 0,
		"green": true,
		"green_sum": 0.0139,
		"green_prcnt": 0.6952,
		"asset_class_translation": "Listed Equity",
		"equity_market_translation": "Global Market",
		"ald_sector_translation": "Automotive",
		"technology_translation": "LDV: Electric",
		"portfolio_name_translation": "iShares MSCI World ETF"
	},
	{
		"asset_class": "Listed Equity",
		"equity_market": "Global Market",
		"portfolio_name": "iShares MSCI World ETF",
		"this_portfolio": false,
		"ald_sector": "Automotive",
		"technology": "FuelCell",
		"plan_carsten": 1.5584e-7,
		"sector_sum": 0.02,
		"sector_prcnt": 7.7888e-6,
		"cumsum": 0.0135,
		"sector_cumprcnt": 0.6771,
		"green": true,
		"green_sum": 0.0139,
		"green_prcnt": 0.6952,
		"asset_class_translation": "Listed Equity",
		"equity_market_translation": "Global Market",
		"ald_sector_translation": "Automotive",
		"technology_translation": "LDV: Fuel Cell",
		"portfolio_name_translation": "iShares MSCI World ETF"
	},
	{
		"asset_class": "Listed Equity",
		"equity_market": "Global Market",
		"portfolio_name": "iShares MSCI World ETF",
		"this_portfolio": false,
		"ald_sector": "Automotive",
		"technology": "Hybrid",
		"plan_carsten": 0.0004,
		"sector_sum": 0.02,
		"sector_prcnt": 0.0181,
		"cumsum": 0.0135,
		"sector_cumprcnt": 0.6771,
		"green": true,
		"green_sum": 0.0139,
		"green_prcnt": 0.6952,
		"asset_class_translation": "Listed Equity",
		"equity_market_translation": "Global Market",
		"ald_sector_translation": "Automotive",
		"technology_translation": "LDV: Hybrid",
		"portfolio_name_translation": "iShares MSCI World ETF"
	},
	{
		"asset_class": "Listed Equity",
		"equity_market": "Global Market",
		"portfolio_name": "iShares MSCI World ETF",
		"this_portfolio": false,
		"ald_sector": "Automotive",
		"technology": "ICE",
		"plan_carsten": 0.0061,
		"sector_sum": 0.02,
		"sector_prcnt": 0.3048,
		"cumsum": 0.0139,
		"sector_cumprcnt": 0.6952,
		"green": false,
		"green_sum": 0.0061,
		"green_prcnt": 0.3048,
		"asset_class_translation": "Listed Equity",
		"equity_market_translation": "Global Market",
		"ald_sector_translation": "Automotive",
		"technology_translation": "LDV: ICE",
		"portfolio_name_translation": "iShares MSCI World ETF"
	},
	{
		"asset_class": "Listed Equity",
		"equity_market": "Global Market",
		"portfolio_name": "iShares MSCI World ETF",
		"this_portfolio": false,
		"ald_sector": "Coal",
		"technology": "Coal",
		"plan_carsten": 0.001,
		"sector_sum": 0.001,
		"sector_prcnt": 1,
		"cumsum": 0,
		"sector_cumprcnt": 0,
		"green": false,
		"green_sum": 0.001,
		"green_prcnt": 1,
		"asset_class_translation": "Listed Equity",
		"equity_market_translation": "Global Market",
		"ald_sector_translation": "Coal",
		"technology_translation": "Coal",
		"portfolio_name_translation": "iShares MSCI World ETF"
	},
	{
		"asset_class": "Listed Equity",
		"equity_market": "Global Market",
		"portfolio_name": "iShares MSCI World ETF",
		"this_portfolio": false,
		"ald_sector": "Cement",
		"technology": "Integrated facility",
		"plan_carsten": 0.0028,
		"sector_sum": 0.0028,
		"sector_prcnt": 1,
		"cumsum": 0,
		"sector_cumprcnt": 0,
		"green": false,
		"green_sum": 0.0028,
		"green_prcnt": 1,
		"asset_class_translation": "Listed Equity",
		"equity_market_translation": "Global Market",
		"ald_sector_translation": "Cement",
		"technology_translation": "Integrated facility",
		"portfolio_name_translation": "iShares MSCI World ETF"
	},
	{
		"asset_class": "Listed Equity",
		"equity_market": "Global Market",
		"portfolio_name": "iShares MSCI World ETF",
		"this_portfolio": false,
		"ald_sector": "Steel",
		"technology": "Electric Arc Furnace",
		"plan_carsten": 0.0014,
		"sector_sum": 0.0023,
		"sector_prcnt": 0.5937,
		"cumsum": 0,
		"sector_cumprcnt": 0,
		"green": true,
		"green_sum": 0.0014,
		"green_prcnt": 0.5937,
		"asset_class_translation": "Listed Equity",
		"equity_market_translation": "Global Market",
		"ald_sector_translation": "Steel",
		"technology_translation": "Electric Arc Furnace",
		"portfolio_name_translation": "iShares MSCI World ETF"
	},
	{
		"asset_class": "Listed Equity",
		"equity_market": "Global Market",
		"portfolio_name": "iShares MSCI World ETF",
		"this_portfolio": false,
		"ald_sector": "Steel",
		"technology": "Open Hearth Furnace",
		"plan_carsten": 0,
		"sector_sum": 0.0023,
		"sector_prcnt": 0.0079,
		"cumsum": 0.0014,
		"sector_cumprcnt": 0.5937,
		"green": false,
		"green_sum": 0.0009,
		"green_prcnt": 0.4063,
		"asset_class_translation": "Listed Equity",
		"equity_market_translation": "Global Market",
		"ald_sector_translation": "Steel",
		"technology_translation": "Open Hearth Furnace",
		"portfolio_name_translation": "iShares MSCI World ETF"
	},
	{
		"asset_class": "Listed Equity",
		"equity_market": "Global Market",
		"portfolio_name": "iShares MSCI World ETF",
		"this_portfolio": false,
		"ald_sector": "Steel",
		"technology": "Basic Oxygen Furnace",
		"plan_carsten": 0.0009,
		"sector_sum": 0.0023,
		"sector_prcnt": 0.3984,
		"cumsum": 0.0014,
		"sector_cumprcnt": 0.6016,
		"green": false,
		"green_sum": 0.0009,
		"green_prcnt": 0.4063,
		"asset_class_translation": "Listed Equity",
		"equity_market_translation": "Global Market",
		"ald_sector_translation": "Steel",
		"technology_translation": "Basic Oxygen Furnace",
		"portfolio_name_translation": "iShares MSCI World ETF"
	},
	{
		"asset_class": "Listed Equity",
		"equity_market": "Global Market",
		"portfolio_name": "iShares MSCI World ETF",
		"this_portfolio": false,
		"ald_sector": "Aviation",
		"technology": "Freight",
		"plan_carsten": 0.0041,
		"sector_sum": 0.0046,
		"sector_prcnt": 0.9075,
		"cumsum": 0,
		"sector_cumprcnt": 0,
		"green": false,
		"green_sum": 0.0046,
		"green_prcnt": 1,
		"asset_class_translation": "Listed Equity",
		"equity_market_translation": "Global Market",
		"ald_sector_translation": "Aviation",
		"technology_translation": "Freight",
		"portfolio_name_translation": "iShares MSCI World ETF"
	},
	{
		"asset_class": "Listed Equity",
		"equity_market": "Global Market",
		"portfolio_name": "iShares MSCI World ETF",
		"this_portfolio": false,
		"ald_sector": "Aviation",
		"technology": "Passenger",
		"plan_carsten": 0.0004,
		"sector_sum": 0.0046,
		"sector_prcnt": 0.0925,
		"cumsum": 0.0041,
		"sector_cumprcnt": 0.9075,
		"green": false,
		"green_sum": 0.0046,
		"green_prcnt": 1,
		"asset_class_translation": "Listed Equity",
		"equity_market_translation": "Global Market",
		"ald_sector_translation": "Aviation",
		"technology_translation": "Passenger",
		"portfolio_name_translation": "iShares MSCI World ETF"
	}
]
