[
	{
		"asset_type": "Corporate Bonds",
		"percentage_value_invested": 0.4584,
		"sector": "Power",
		"perc_asset_val_sector": 0.1257
	},
	{
		"asset_type": "Listed Equity",
		"percentage_value_invested": 0.5138,
		"sector": "Power",
		"perc_asset_val_sector": 0.1352
	},
	{
		"asset_type": "Corporate Bonds",
		"percentage_value_invested": 0.4584,
		"sector": "Automotive",
		"perc_asset_val_sector": 0.1024
	},
	{
		"asset_type": "Listed Equity",
		"percentage_value_invested": 0.5138,
		"sector": "Automotive",
		"perc_asset_val_sector": 0.1091
	},
	{
		"asset_type": "Corporate Bonds",
		"percentage_value_invested": 0.4584,
		"sector": "Coal",
		"perc_asset_val_sector": 0.1579
	},
	{
		"asset_type": "Listed Equity",
		"percentage_value_invested": 0.5138,
		"sector": "Coal",
		"perc_asset_val_sector": 0.0935
	},
	{
		"asset_type": "Corporate Bonds",
		"percentage_value_invested": 0.4584,
		"sector": "Steel",
		"perc_asset_val_sector": 0.1065
	},
	{
		"asset_type": "Listed Equity",
		"percentage_value_invested": 0.5138,
		"sector": "Steel",
		"perc_asset_val_sector": 0.1191
	},
	{
		"asset_type": "Corporate Bonds",
		"percentage_value_invested": 0.4584,
		"sector": "Aviation",
		"perc_asset_val_sector": 0.1083
	},
	{
		"asset_type": "Listed Equity",
		"percentage_value_invested": 0.5138,
		"sector": "Aviation",
		"perc_asset_val_sector": 0.1268
	},
	{
		"asset_type": "Corporate Bonds",
		"percentage_value_invested": 0.4584,
		"sector": "Cement",
		"perc_asset_val_sector": 0.0589
	},
	{
		"asset_type": "Listed Equity",
		"percentage_value_invested": 0.5138,
		"sector": "Cement",
		"perc_asset_val_sector": 0.1206
	}
]
