[
	{
		"asset_class": "Corporate Bonds",
		"equity_market": "Global Market",
		"portfolio_name": "portfolio_name",
		"this_portfolio": true,
		"ald_sector": "Power",
		"technology": "RenewablesCap",
		"plan_carsten": 0.0812,
		"sector_sum": 0.0812,
		"sector_prcnt": 1,
		"cumsum": 0,
		"sector_cumprcnt": 0,
		"green": true,
		"green_sum": 0.0812,
		"green_prcnt": 1,
		"asset_class_translation": "Corporate Bonds",
		"equity_market_translation": "Global Market",
		"ald_sector_translation": "Power",
		"technology_translation": "Renewables",
		"portfolio_name_translation": "portfolio_name"
	},
	{
		"asset_class": "Corporate Bonds",
		"equity_market": "Global Market",
		"portfolio_name": "portfolio_name",
		"this_portfolio": true,
		"ald_sector": "Power",
		"technology": "HydroCap",
		"plan_carsten": 0,
		"sector_sum": 0.0812,
		"sector_prcnt": 0,
		"cumsum": 0.0812,
		"sector_cumprcnt": 1,
		"green": true,
		"green_sum": 0.0812,
		"green_prcnt": 1,
		"asset_class_translation": "Corporate Bonds",
		"equity_market_translation": "Global Market",
		"ald_sector_translation": "Power",
		"technology_translation": "Hydropower",
		"portfolio_name_translation": "portfolio_name"
	},
	{
		"asset_class": "Corporate Bonds",
		"equity_market": "Global Market",
		"portfolio_name": "portfolio_name",
		"this_portfolio": true,
		"ald_sector": "Power",
		"technology": "NuclearCap",
		"plan_carsten": 0,
		"sector_sum": 0.0812,
		"sector_prcnt": 0,
		"cumsum": 0.0812,
		"sector_cumprcnt": 1,
		"green": true,
		"green_sum": 0.0812,
		"green_prcnt": 1,
		"asset_class_translation": "Corporate Bonds",
		"equity_market_translation": "Global Market",
		"ald_sector_translation": "Power",
		"technology_translation": "Nuclear Power",
		"portfolio_name_translation": "portfolio_name"
	},
	{
		"asset_class": "Corporate Bonds",
		"equity_market": "Global Market",
		"portfolio_name": "portfolio_name",
		"this_portfolio": true,
		"ald_sector": "Power",
		"technology": "GasCap",
		"plan_carsten": 0,
		"sector_sum": 0.0812,
		"sector_prcnt": 0,
		"cumsum": 0.0812,
		"sector_cumprcnt": 1,
		"green": false,
		"green_sum": 0,
		"green_prcnt": 0,
		"asset_class_translation": "Corporate Bonds",
		"equity_market_translation": "Global Market",
		"ald_sector_translation": "Power",
		"technology_translation": "Gas Power",
		"portfolio_name_translation": "portfolio_name"
	},
	{
		"asset_class": "Corporate Bonds",
		"equity_market": "Global Market",
		"portfolio_name": "portfolio_name",
		"this_portfolio": true,
		"ald_sector": "Power",
		"technology": "OilCap",
		"plan_carsten": 0,
		"sector_sum": 0.0812,
		"sector_prcnt": 0,
		"cumsum": 0.0812,
		"sector_cumprcnt": 1,
		"green": false,
		"green_sum": 0,
		"green_prcnt": 0,
		"asset_class_translation": "Corporate Bonds",
		"equity_market_translation": "Global Market",
		"ald_sector_translation": "Power",
		"technology_translation": "Oil Power",
		"portfolio_name_translation": "portfolio_name"
	},
	{
		"asset_class": "Corporate Bonds",
		"equity_market": "Global Market",
		"portfolio_name": "portfolio_name",
		"this_portfolio": true,
		"ald_sector": "Power",
		"technology": "CoalCap",
		"plan_carsten": 0,
		"sector_sum": 0.0812,
		"sector_prcnt": 0,
		"cumsum": 0.0812,
		"sector_cumprcnt": 1,
		"green": false,
		"green_sum": 0,
		"green_prcnt": 0,
		"asset_class_translation": "Corporate Bonds",
		"equity_market_translation": "Global Market",
		"ald_sector_translation": "Power",
		"technology_translation": "Coal Power",
		"portfolio_name_translation": "portfolio_name"
	},
	{
		"asset_class": "Corporate Bonds",
		"equity_market": "Global Market",
		"portfolio_name": "portfolio_name",
		"this_portfolio": true,
		"ald_sector": "Oil&Gas",
		"technology": "Oil",
		"plan_carsten": 0.0535,
		"sector_sum": 0.2697,
		"sector_prcnt": 0.1985,
		"cumsum": 0,
		"sector_cumprcnt": 0,
		"green": false,
		"green_sum": 0.2697,
		"green_prcnt": 1,
		"asset_class_translation": "Corporate Bonds",
		"equity_market_translation": "Global Market",
		"ald_sector_translation": "Oil & Gas",
		"technology_translation": "Oil",
		"portfolio_name_translation": "portfolio_name"
	},
	{
		"asset_class": "Corporate Bonds",
		"equity_market": "Global Market",
		"portfolio_name": "portfolio_name",
		"this_portfolio": true,
		"ald_sector": "Oil&Gas",
		"technology": "Gas",
		"plan_carsten": 0.2161,
		"sector_sum": 0.2697,
		"sector_prcnt": 0.8015,
		"cumsum": 0.0535,
		"sector_cumprcnt": 0.1985,
		"green": false,
		"green_sum": 0.2697,
		"green_prcnt": 1,
		"asset_class_translation": "Corporate Bonds",
		"equity_market_translation": "Global Market",
		"ald_sector_translation": "Oil & Gas",
		"technology_translation": "Gas",
		"portfolio_name_translation": "portfolio_name"
	},
	{
		"asset_class": "Corporate Bonds",
		"equity_market": "Global Market",
		"portfolio_name": "portfolio_name",
		"this_portfolio": true,
		"ald_sector": "Steel",
		"technology": "Electric Arc Furnace",
		"plan_carsten": 0.0738,
		"sector_sum": 0.3992,
		"sector_prcnt": 0.1849,
		"cumsum": 0,
		"sector_cumprcnt": 0,
		"green": true,
		"green_sum": 0.0738,
		"green_prcnt": 0.1849,
		"asset_class_translation": "Corporate Bonds",
		"equity_market_translation": "Global Market",
		"ald_sector_translation": "Steel",
		"technology_translation": "Electric Arc Furnace",
		"portfolio_name_translation": "portfolio_name"
	},
	{
		"asset_class": "Corporate Bonds",
		"equity_market": "Global Market",
		"portfolio_name": "portfolio_name",
		"this_portfolio": true,
		"ald_sector": "Steel",
		"technology": "Open Hearth Furnace",
		"plan_carsten": 0,
		"sector_sum": 0.3992,
		"sector_prcnt": 0,
		"cumsum": 0.0738,
		"sector_cumprcnt": 0.1849,
		"green": false,
		"green_sum": 0.3254,
		"green_prcnt": 0.8151,
		"asset_class_translation": "Corporate Bonds",
		"equity_market_translation": "Global Market",
		"ald_sector_translation": "Steel",
		"technology_translation": "Open Hearth Furnace",
		"portfolio_name_translation": "portfolio_name"
	},
	{
		"asset_class": "Corporate Bonds",
		"equity_market": "Global Market",
		"portfolio_name": "portfolio_name",
		"this_portfolio": true,
		"ald_sector": "Steel",
		"technology": "Basic Oxygen Furnace",
		"plan_carsten": 0.3254,
		"sector_sum": 0.3992,
		"sector_prcnt": 0.8151,
		"cumsum": 0.0738,
		"sector_cumprcnt": 0.1849,
		"green": false,
		"green_sum": 0.3254,
		"green_prcnt": 0.8151,
		"asset_class_translation": "Corporate Bonds",
		"equity_market_translation": "Global Market",
		"ald_sector_translation": "Steel",
		"technology_translation": "Basic Oxygen Furnace",
		"portfolio_name_translation": "portfolio_name"
	},
	{
		"asset_class": "Corporate Bonds",
		"equity_market": "Global Market",
		"portfolio_name": "iShares Global Corp Bond UCITS ETF",
		"this_portfolio": false,
		"ald_sector": "Power",
		"technology": "RenewablesCap",
		"plan_carsten": 0.011,
		"sector_sum": 0.0454,
		"sector_prcnt": 0.2424,
		"cumsum": 0,
		"sector_cumprcnt": 0,
		"green": true,
		"green_sum": 0.0204,
		"green_prcnt": 0.449,
		"asset_class_translation": "Corporate Bonds",
		"equity_market_translation": "Global Market",
		"ald_sector_translation": "Power",
		"technology_translation": "Renewables",
		"portfolio_name_translation": "iShares Global Corp Bond UCITS ETF"
	},
	{
		"asset_class": "Corporate Bonds",
		"equity_market": "Global Market",
		"portfolio_name": "iShares Global Corp Bond UCITS ETF",
		"this_portfolio": false,
		"ald_sector": "Power",
		"technology": "HydroCap",
		"plan_carsten": 0.0048,
		"sector_sum": 0.0454,
		"sector_prcnt": 0.1068,
		"cumsum": 0.011,
		"sector_cumprcnt": 0.2424,
		"green": true,
		"green_sum": 0.0204,
		"green_prcnt": 0.449,
		"asset_class_translation": "Corporate Bonds",
		"equity_market_translation": "Global Market",
		"ald_sector_translation": "Power",
		"technology_translation": "Hydropower",
		"portfolio_name_translation": "iShares Global Corp Bond UCITS ETF"
	},
	{
		"asset_class": "Corporate Bonds",
		"equity_market": "Global Market",
		"portfolio_name": "iShares Global Corp Bond UCITS ETF",
		"this_portfolio": false,
		"ald_sector": "Power",
		"technology": "NuclearCap",
		"plan_carsten": 0.0045,
		"sector_sum": 0.0454,
		"sector_prcnt": 0.0998,
		"cumsum": 0.0158,
		"sector_cumprcnt": 0.3492,
		"green": true,
		"green_sum": 0.0204,
		"green_prcnt": 0.449,
		"asset_class_translation": "Corporate Bonds",
		"equity_market_translation": "Global Market",
		"ald_sector_translation": "Power",
		"technology_translation": "Nuclear Power",
		"portfolio_name_translation": "iShares Global Corp Bond UCITS ETF"
	},
	{
		"asset_class": "Corporate Bonds",
		"equity_market": "Global Market",
		"portfolio_name": "iShares Global Corp Bond UCITS ETF",
		"this_portfolio": false,
		"ald_sector": "Power",
		"technology": "GasCap",
		"plan_carsten": 0.0153,
		"sector_sum": 0.0454,
		"sector_prcnt": 0.337,
		"cumsum": 0.0204,
		"sector_cumprcnt": 0.449,
		"green": false,
		"green_sum": 0.025,
		"green_prcnt": 0.551,
		"asset_class_translation": "Corporate Bonds",
		"equity_market_translation": "Global Market",
		"ald_sector_translation": "Power",
		"technology_translation": "Gas Power",
		"portfolio_name_translation": "iShares Global Corp Bond UCITS ETF"
	},
	{
		"asset_class": "Corporate Bonds",
		"equity_market": "Global Market",
		"portfolio_name": "iShares Global Corp Bond UCITS ETF",
		"this_portfolio": false,
		"ald_sector": "Power",
		"technology": "OilCap",
		"plan_carsten": 0.0027,
		"sector_sum": 0.0454,
		"sector_prcnt": 0.0589,
		"cumsum": 0.0356,
		"sector_cumprcnt": 0.7859,
		"green": false,
		"green_sum": 0.025,
		"green_prcnt": 0.551,
		"asset_class_translation": "Corporate Bonds",
		"equity_market_translation": "Global Market",
		"ald_sector_translation": "Power",
		"technology_translation": "Oil Power",
		"portfolio_name_translation": "iShares Global Corp Bond UCITS ETF"
	},
	{
		"asset_class": "Corporate Bonds",
		"equity_market": "Global Market",
		"portfolio_name": "iShares Global Corp Bond UCITS ETF",
		"this_portfolio": false,
		"ald_sector": "Power",
		"technology": "CoalCap",
		"plan_carsten": 0.007,
		"sector_sum": 0.0454,
		"sector_prcnt": 0.1552,
		"cumsum": 0.0383,
		"sector_cumprcnt": 0.8448,
		"green": false,
		"green_sum": 0.025,
		"green_prcnt": 0.551,
		"asset_class_translation": "Corporate Bonds",
		"equity_market_translation": "Global Market",
		"ald_sector_translation": "Power",
		"technology_translation": "Coal Power",
		"portfolio_name_translation": "iShares Global Corp Bond UCITS ETF"
	},
	{
		"asset_class": "Corporate Bonds",
		"equity_market": "Global Market",
		"portfolio_name": "iShares Global Corp Bond UCITS ETF",
		"this_portfolio": false,
		"ald_sector": "Oil&Gas",
		"technology": "Oil",
		"plan_carsten": 0.0157,
		"sector_sum": 0.0275,
		"sector_prcnt": 0.5696,
		"cumsum": 0,
		"sector_cumprcnt": 0,
		"green": false,
		"green_sum": 0.0275,
		"green_prcnt": 1,
		"asset_class_translation": "Corporate Bonds",
		"equity_market_translation": "Global Market",
		"ald_sector_translation": "Oil & Gas",
		"technology_translation": "Oil",
		"portfolio_name_translation": "iShares Global Corp Bond UCITS ETF"
	},
	{
		"asset_class": "Corporate Bonds",
		"equity_market": "Global Market",
		"portfolio_name": "iShares Global Corp Bond UCITS ETF",
		"this_portfolio": false,
		"ald_sector": "Oil&Gas",
		"technology": "Gas",
		"plan_carsten": 0.0118,
		"sector_sum": 0.0275,
		"sector_prcnt": 0.4304,
		"cumsum": 0.0157,
		"sector_cumprcnt": 0.5696,
		"green": false,
		"green_sum": 0.0275,
		"green_prcnt": 1,
		"asset_class_translation": "Corporate Bonds",
		"equity_market_translation": "Global Market",
		"ald_sector_translation": "Oil & Gas",
		"technology_translation": "Gas",
		"portfolio_name_translation": "iShares Global Corp Bond UCITS ETF"
	},
	{
		"asset_class": "Corporate Bonds",
		"equity_market": "Global Market",
		"portfolio_name": "iShares Global Corp Bond UCITS ETF",
		"this_portfolio": false,
		"ald_sector": "Steel",
		"technology": "Electric Arc Furnace",
		"plan_carsten": 0.0008,
		"sector_sum": 0.0018,
		"sector_prcnt": 0.4517,
		"cumsum": 0,
		"sector_cumprcnt": 0,
		"green": true,
		"green_sum": 0.0008,
		"green_prcnt": 0.4517,
		"asset_class_translation": "Corporate Bonds",
		"equity_market_translation": "Global Market",
		"ald_sector_translation": "Steel",
		"technology_translation": "Electric Arc Furnace",
		"portfolio_name_translation": "iShares Global Corp Bond UCITS ETF"
	},
	{
		"asset_class": "Corporate Bonds",
		"equity_market": "Global Market",
		"portfolio_name": "iShares Global Corp Bond UCITS ETF",
		"this_portfolio": false,
		"ald_sector": "Steel",
		"technology": "Open Hearth Furnace",
		"plan_carsten": 0,
		"sector_sum": 0.0018,
		"sector_prcnt": 0,
		"cumsum": 0.0008,
		"sector_cumprcnt": 0.4517,
		"green": false,
		"green_sum": 0.001,
		"green_prcnt": 0.5483,
		"asset_class_translation": "Corporate Bonds",
		"equity_market_translation": "Global Market",
		"ald_sector_translation": "Steel",
		"technology_translation": "Open Hearth Furnace",
		"portfolio_name_translation": "iShares Global Corp Bond UCITS ETF"
	},
	{
		"asset_class": "Corporate Bonds",
		"equity_market": "Global Market",
		"portfolio_name": "iShares Global Corp Bond UCITS ETF",
		"this_portfolio": false,
		"ald_sector": "Steel",
		"technology": "Basic Oxygen Furnace",
		"plan_carsten": 0.001,
		"sector_sum": 0.0018,
		"sector_prcnt": 0.5483,
		"cumsum": 0.0008,
		"sector_cumprcnt": 0.4517,
		"green": false,
		"green_sum": 0.001,
		"green_prcnt": 0.5483,
		"asset_class_translation": "Corporate Bonds",
		"equity_market_translation": "Global Market",
		"ald_sector_translation": "Steel",
		"technology_translation": "Basic Oxygen Furnace",
		"portfolio_name_translation": "iShares Global Corp Bond UCITS ETF"
	},
	{
		"asset_class": "Listed Equity",
		"equity_market": "Global Market",
		"portfolio_name": "portfolio_name",
		"this_portfolio": true,
		"ald_sector": "Power",
		"technology": "RenewablesCap",
		"plan_carsten": 0.0433,
		"sector_sum": 0.1661,
		"sector_prcnt": 0.2607,
		"cumsum": 0,
		"sector_cumprcnt": 0,
		"green": true,
		"green_sum": 0.0752,
		"green_prcnt": 0.4525,
		"asset_class_translation": "Listed Equity",
		"equity_market_translation": "Global Market",
		"ald_sector_translation": "Power",
		"technology_translation": "Renewables",
		"portfolio_name_translation": "portfolio_name"
	},
	{
		"asset_class": "Listed Equity",
		"equity_market": "Global Market",
		"portfolio_name": "portfolio_name",
		"this_portfolio": true,
		"ald_sector": "Power",
		"technology": "HydroCap",
		"plan_carsten": 0.025,
		"sector_sum": 0.1661,
		"sector_prcnt": 0.1507,
		"cumsum": 0.0433,
		"sector_cumprcnt": 0.2607,
		"green": true,
		"green_sum": 0.0752,
		"green_prcnt": 0.4525,
		"asset_class_translation": "Listed Equity",
		"equity_market_translation": "Global Market",
		"ald_sector_translation": "Power",
		"technology_translation": "Hydropower",
		"portfolio_name_translation": "portfolio_name"
	},
	{
		"asset_class": "Listed Equity",
		"equity_market": "Global Market",
		"portfolio_name": "portfolio_name",
		"this_portfolio": true,
		"ald_sector": "Power",
		"technology": "NuclearCap",
		"plan_carsten": 0.0068,
		"sector_sum": 0.1661,
		"sector_prcnt": 0.0411,
		"cumsum": 0.0683,
		"sector_cumprcnt": 0.4114,
		"green": true,
		"green_sum": 0.0752,
		"green_prcnt": 0.4525,
		"asset_class_translation": "Listed Equity",
		"equity_market_translation": "Global Market",
		"ald_sector_translation": "Power",
		"technology_translation": "Nuclear Power",
		"portfolio_name_translation": "portfolio_name"
	},
	{
		"asset_class": "Listed Equity",
		"equity_market": "Global Market",
		"portfolio_name": "portfolio_name",
		"this_portfolio": true,
		"ald_sector": "Power",
		"technology": "GasCap",
		"plan_carsten": 0.0372,
		"sector_sum": 0.1661,
		"sector_prcnt": 0.2241,
		"cumsum": 0.0752,
		"sector_cumprcnt": 0.4525,
		"green": false,
		"green_sum": 0.0909,
		"green_prcnt": 0.5475,
		"asset_class_translation": "Listed Equity",
		"equity_market_translation": "Global Market",
		"ald_sector_translation": "Power",
		"technology_translation": "Gas Power",
		"portfolio_name_translation": "portfolio_name"
	},
	{
		"asset_class": "Listed Equity",
		"equity_market": "Global Market",
		"portfolio_name": "portfolio_name",
		"this_portfolio": true,
		"ald_sector": "Power",
		"technology": "OilCap",
		"plan_carsten": 0.0163,
		"sector_sum": 0.1661,
		"sector_prcnt": 0.0981,
		"cumsum": 0.1124,
		"sector_cumprcnt": 0.6767,
		"green": false,
		"green_sum": 0.0909,
		"green_prcnt": 0.5475,
		"asset_class_translation": "Listed Equity",
		"equity_market_translation": "Global Market",
		"ald_sector_translation": "Power",
		"technology_translation": "Oil Power",
		"portfolio_name_translation": "portfolio_name"
	},
	{
		"asset_class": "Listed Equity",
		"equity_market": "Global Market",
		"portfolio_name": "portfolio_name",
		"this_portfolio": true,
		"ald_sector": "Power",
		"technology": "CoalCap",
		"plan_carsten": 0.0374,
		"sector_sum": 0.1661,
		"sector_prcnt": 0.2253,
		"cumsum": 0.1287,
		"sector_cumprcnt": 0.7747,
		"green": false,
		"green_sum": 0.0909,
		"green_prcnt": 0.5475,
		"asset_class_translation": "Listed Equity",
		"equity_market_translation": "Global Market",
		"ald_sector_translation": "Power",
		"technology_translation": "Coal Power",
		"portfolio_name_translation": "portfolio_name"
	},
	{
		"asset_class": "Listed Equity",
		"equity_market": "Global Market",
		"portfolio_name": "portfolio_name",
		"this_portfolio": true,
		"ald_sector": "Automotive",
		"technology": "Electric",
		"plan_carsten": 0.0174,
		"sector_sum": 0.3094,
		"sector_prcnt": 0.0564,
		"cumsum": 0,
		"sector_cumprcnt": 0,
		"green": true,
		"green_sum": 0.0245,
		"green_prcnt": 0.0791,
		"asset_class_translation": "Listed Equity",
		"equity_market_translation": "Global Market",
		"ald_sector_translation": "Automotive",
		"technology_translation": "LDV: Electric",
		"portfolio_name_translation": "portfolio_name"
	},
	{
		"asset_class": "Listed Equity",
		"equity_market": "Global Market",
		"portfolio_name": "portfolio_name",
		"this_portfolio": true,
		"ald_sector": "Automotive",
		"technology": "FuelCell",
		"plan_carsten": 0.0002,
		"sector_sum": 0.3094,
		"sector_prcnt": 0.0006,
		"cumsum": 0.0174,
		"sector_cumprcnt": 0.0564,
		"green": true,
		"green_sum": 0.0245,
		"green_prcnt": 0.0791,
		"asset_class_translation": "Listed Equity",
		"equity_market_translation": "Global Market",
		"ald_sector_translation": "Automotive",
		"technology_translation": "LDV: Fuel Cell",
		"portfolio_name_translation": "portfolio_name"
	},
	{
		"asset_class": "Listed Equity",
		"equity_market": "Global Market",
		"portfolio_name": "portfolio_name",
		"this_portfolio": true,
		"ald_sector": "Automotive",
		"technology": "Hybrid",
		"plan_carsten": 0.0069,
		"sector_sum": 0.3094,
		"sector_prcnt": 0.0222,
		"cumsum": 0.0176,
		"sector_cumprcnt": 0.057,
		"green": true,
		"green_sum": 0.0245,
		"green_prcnt": 0.0791,
		"asset_class_translation": "Listed Equity",
		"equity_market_translation": "Global Market",
		"ald_sector_translation": "Automotive",
		"technology_translation": "LDV: Hybrid",
		"portfolio_name_translation": "portfolio_name"
	},
	{
		"asset_class": "Listed Equity",
		"equity_market": "Global Market",
		"portfolio_name": "portfolio_name",
		"this_portfolio": true,
		"ald_sector": "Automotive",
		"technology": "ICE",
		"plan_carsten": 0.285,
		"sector_sum": 0.3094,
		"sector_prcnt": 0.9209,
		"cumsum": 0.0245,
		"sector_cumprcnt": 0.0791,
		"green": false,
		"green_sum": 0.285,
		"green_prcnt": 0.9209,
		"asset_class_translation": "Listed Equity",
		"equity_market_translation": "Global Market",
		"ald_sector_translation": "Automotive",
		"technology_translation": "LDV: ICE",
		"portfolio_name_translation": "portfolio_name"
	},
	{
		"asset_class": "Listed Equity",
		"equity_market": "Global Market",
		"portfolio_name": "portfolio_name",
		"this_portfolio": true,
		"ald_sector": "Oil&Gas",
		"technology": "Oil",
		"plan_carsten": 0.0753,
		"sector_sum": 0.1416,
		"sector_prcnt": 0.5316,
		"cumsum": 0,
		"sector_cumprcnt": 0,
		"green": false,
		"green_sum": 0.1416,
		"green_prcnt": 1,
		"asset_class_translation": "Listed Equity",
		"equity_market_translation": "Global Market",
		"ald_sector_translation": "Oil & Gas",
		"technology_translation": "Oil",
		"portfolio_name_translation": "portfolio_name"
	},
	{
		"asset_class": "Listed Equity",
		"equity_market": "Global Market",
		"portfolio_name": "portfolio_name",
		"this_portfolio": true,
		"ald_sector": "Oil&Gas",
		"technology": "Gas",
		"plan_carsten": 0.0663,
		"sector_sum": 0.1416,
		"sector_prcnt": 0.4684,
		"cumsum": 0.0753,
		"sector_cumprcnt": 0.5316,
		"green": false,
		"green_sum": 0.1416,
		"green_prcnt": 1,
		"asset_class_translation": "Listed Equity",
		"equity_market_translation": "Global Market",
		"ald_sector_translation": "Oil & Gas",
		"technology_translation": "Gas",
		"portfolio_name_translation": "portfolio_name"
	},
	{
		"asset_class": "Listed Equity",
		"equity_market": "Global Market",
		"portfolio_name": "portfolio_name",
		"this_portfolio": true,
		"ald_sector": "Coal",
		"technology": "Coal",
		"plan_carsten": 0.0441,
		"sector_sum": 0.0441,
		"sector_prcnt": 1,
		"cumsum": 0,
		"sector_cumprcnt": 0,
		"green": false,
		"green_sum": 0.0441,
		"green_prcnt": 1,
		"asset_class_translation": "Listed Equity",
		"equity_market_translation": "Global Market",
		"ald_sector_translation": "Coal",
		"technology_translation": "Coal",
		"portfolio_name_translation": "portfolio_name"
	},
	{
		"asset_class": "Listed Equity",
		"equity_market": "Global Market",
		"portfolio_name": "portfolio_name",
		"this_portfolio": true,
		"ald_sector": "Cement",
		"technology": "Integrated facility",
		"plan_carsten": 0.0413,
		"sector_sum": 0.0413,
		"sector_prcnt": 1,
		"cumsum": 0,
		"sector_cumprcnt": 0,
		"green": false,
		"green_sum": 0.0413,
		"green_prcnt": 1,
		"asset_class_translation": "Listed Equity",
		"equity_market_translation": "Global Market",
		"ald_sector_translation": "Cement",
		"technology_translation": "Integrated facility",
		"portfolio_name_translation": "portfolio_name"
	},
	{
		"asset_class": "Listed Equity",
		"equity_market": "Global Market",
		"portfolio_name": "portfolio_name",
		"this_portfolio": true,
		"ald_sector": "Steel",
		"technology": "Electric Arc Furnace",
		"plan_carsten": 0.0168,
		"sector_sum": 0.073,
		"sector_prcnt": 0.2299,
		"cumsum": 0,
		"sector_cumprcnt": 0,
		"green": true,
		"green_sum": 0.0168,
		"green_prcnt": 0.2299,
		"asset_class_translation": "Listed Equity",
		"equity_market_translation": "Global Market",
		"ald_sector_translation": "Steel",
		"technology_translation": "Electric Arc Furnace",
		"portfolio_name_translation": "portfolio_name"
	},
	{
		"asset_class": "Listed Equity",
		"equity_market": "Global Market",
		"portfolio_name": "portfolio_name",
		"this_portfolio": true,
		"ald_sector": "Steel",
		"technology": "Open Hearth Furnace",
		"plan_carsten": 0.0003,
		"sector_sum": 0.073,
		"sector_prcnt": 0.0041,
		"cumsum": 0.0168,
		"sector_cumprcnt": 0.2299,
		"green": false,
		"green_sum": 0.0562,
		"green_prcnt": 0.7701,
		"asset_class_translation": "Listed Equity",
		"equity_market_translation": "Global Market",
		"ald_sector_translation": "Steel",
		"technology_translation": "Open Hearth Furnace",
		"portfolio_name_translation": "portfolio_name"
	},
	{
		"asset_class": "Listed Equity",
		"equity_market": "Global Market",
		"portfolio_name": "portfolio_name",
		"this_portfolio": true,
		"ald_sector": "Steel",
		"technology": "Basic Oxygen Furnace",
		"plan_carsten": 0.0559,
		"sector_sum": 0.073,
		"sector_prcnt": 0.766,
		"cumsum": 0.0171,
		"sector_cumprcnt": 0.234,
		"green": false,
		"green_sum": 0.0562,
		"green_prcnt": 0.7701,
		"asset_class_translation": "Listed Equity",
		"equity_market_translation": "Global Market",
		"ald_sector_translation": "Steel",
		"technology_translation": "Basic Oxygen Furnace",
		"portfolio_name_translation": "portfolio_name"
	},
	{
		"asset_class": "Listed Equity",
		"equity_market": "Global Market",
		"portfolio_name": "portfolio_name",
		"this_portfolio": true,
		"ald_sector": "Aviation",
		"technology": "Freight",
		"plan_carsten": 0.0001,
		"sector_sum": 0.0138,
		"sector_prcnt": 0.0096,
		"cumsum": 0,
		"sector_cumprcnt": 0,
		"green": false,
		"green_sum": 0.0138,
		"green_prcnt": 1,
		"asset_class_translation": "Listed Equity",
		"equity_market_translation": "Global Market",
		"ald_sector_translation": "Aviation",
		"technology_translation": "Freight",
		"portfolio_name_translation": "portfolio_name"
	},
	{
		"asset_class": "Listed Equity",
		"equity_market": "Global Market",
		"portfolio_name": "portfolio_name",
		"this_portfolio": true,
		"ald_sector": "Aviation",
		"technology": "Passenger",
		"plan_carsten": 0.0136,
		"sector_sum": 0.0138,
		"sector_prcnt": 0.9904,
		"cumsum": 0.0001,
		"sector_cumprcnt": 0.0096,
		"green": false,
		"green_sum": 0.0138,
		"green_prcnt": 1,
		"asset_class_translation": "Listed Equity",
		"equity_market_translation": "Global Market",
		"ald_sector_translation": "Aviation",
		"technology_translation": "Passenger",
		"portfolio_name_translation": "portfolio_name"
	},
	{
		"asset_class": "Listed Equity",
		"equity_market": "Global Market",
		"portfolio_name": "iShares Core S&P 500 ETF",
		"this_portfolio": false,
		"ald_sector": "Power",
		"technology": "RenewablesCap",
		"plan_carsten": 0.0064,
		"sector_sum": 0.0236,
		"sector_prcnt": 0.2696,
		"cumsum": 0,
		"sector_cumprcnt": 0,
		"green": true,
		"green_sum": 0.0109,
		"green_prcnt": 0.4609,
		"asset_class_translation": "Listed Equity",
		"equity_market_translation": "Global Market",
		"ald_sector_translation": "Power",
		"technology_translation": "Renewables",
		"portfolio_name_translation": "iShares Core S&P 500 ETF"
	},
	{
		"asset_class": "Listed Equity",
		"equity_market": "Global Market",
		"portfolio_name": "iShares Core S&P 500 ETF",
		"this_portfolio": false,
		"ald_sector": "Power",
		"technology": "HydroCap",
		"plan_carsten": 0.0012,
		"sector_sum": 0.0236,
		"sector_prcnt": 0.052,
		"cumsum": 0.0064,
		"sector_cumprcnt": 0.2696,
		"green": true,
		"green_sum": 0.0109,
		"green_prcnt": 0.4609,
		"asset_class_translation": "Listed Equity",
		"equity_market_translation": "Global Market",
		"ald_sector_translation": "Power",
		"technology_translation": "Hydropower",
		"portfolio_name_translation": "iShares Core S&P 500 ETF"
	},
	{
		"asset_class": "Listed Equity",
		"equity_market": "Global Market",
		"portfolio_name": "iShares Core S&P 500 ETF",
		"this_portfolio": false,
		"ald_sector": "Power",
		"technology": "NuclearCap",
		"plan_carsten": 0.0033,
		"sector_sum": 0.0236,
		"sector_prcnt": 0.1393,
		"cumsum": 0.0076,
		"sector_cumprcnt": 0.3216,
		"green": true,
		"green_sum": 0.0109,
		"green_prcnt": 0.4609,
		"asset_class_translation": "Listed Equity",
		"equity_market_translation": "Global Market",
		"ald_sector_translation": "Power",
		"technology_translation": "Nuclear Power",
		"portfolio_name_translation": "iShares Core S&P 500 ETF"
	},
	{
		"asset_class": "Listed Equity",
		"equity_market": "Global Market",
		"portfolio_name": "iShares Core S&P 500 ETF",
		"this_portfolio": false,
		"ald_sector": "Power",
		"technology": "GasCap",
		"plan_carsten": 0.0078,
		"sector_sum": 0.0236,
		"sector_prcnt": 0.3291,
		"cumsum": 0.0109,
		"sector_cumprcnt": 0.4609,
		"green": false,
		"green_sum": 0.0127,
		"green_prcnt": 0.5391,
		"asset_class_translation": "Listed Equity",
		"equity_market_translation": "Global Market",
		"ald_sector_translation": "Power",
		"technology_translation": "Gas Power",
		"portfolio_name_translation": "iShares Core S&P 500 ETF"
	},
	{
		"asset_class": "Listed Equity",
		"equity_market": "Global Market",
		"portfolio_name": "iShares Core S&P 500 ETF",
		"this_portfolio": false,
		"ald_sector": "Power",
		"technology": "OilCap",
		"plan_carsten": 0.0008,
		"sector_sum": 0.0236,
		"sector_prcnt": 0.0344,
		"cumsum": 0.0186,
		"sector_cumprcnt": 0.79,
		"green": false,
		"green_sum": 0.0127,
		"green_prcnt": 0.5391,
		"asset_class_translation": "Listed Equity",
		"equity_market_translation": "Global Market",
		"ald_sector_translation": "Power",
		"technology_translation": "Oil Power",
		"portfolio_name_translation": "iShares Core S&P 500 ETF"
	},
	{
		"asset_class": "Listed Equity",
		"equity_market": "Global Market",
		"portfolio_name": "iShares Core S&P 500 ETF",
		"this_portfolio": false,
		"ald_sector": "Power",
		"technology": "CoalCap",
		"plan_carsten": 0.0041,
		"sector_sum": 0.0236,
		"sector_prcnt": 0.1756,
		"cumsum": 0.0194,
		"sector_cumprcnt": 0.8244,
		"green": false,
		"green_sum": 0.0127,
		"green_prcnt": 0.5391,
		"asset_class_translation": "Listed Equity",
		"equity_market_translation": "Global Market",
		"ald_sector_translation": "Power",
		"technology_translation": "Coal Power",
		"portfolio_name_translation": "iShares Core S&P 500 ETF"
	},
	{
		"asset_class": "Listed Equity",
		"equity_market": "Global Market",
		"portfolio_name": "iShares Core S&P 500 ETF",
		"this_portfolio": false,
		"ald_sector": "Automotive",
		"technology": "Electric",
		"plan_carsten": 0.0173,
		"sector_sum": 0.0196,
		"sector_prcnt": 0.883,
		"cumsum": 0,
		"sector_cumprcnt": 0,
		"green": true,
		"green_sum": 0.0174,
		"green_prcnt": 0.8853,
		"asset_class_translation": "Listed Equity",
		"equity_market_translation": "Global Market",
		"ald_sector_translation": "Automotive",
		"technology_translation": "LDV: Electric",
		"portfolio_name_translation": "iShares Core S&P 500 ETF"
	},
	{
		"asset_class": "Listed Equity",
		"equity_market": "Global Market",
		"portfolio_name": "iShares Core S&P 500 ETF",
		"this_portfolio": false,
		"ald_sector": "Automotive",
		"technology": "FuelCell",
		"plan_carsten": 0,
		"sector_sum": 0.0196,
		"sector_prcnt": 0,
		"cumsum": 0.0173,
		"sector_cumprcnt": 0.883,
		"green": true,
		"green_sum": 0.0174,
		"green_prcnt": 0.8853,
		"asset_class_translation": "Listed Equity",
		"equity_market_translation": "Global Market",
		"ald_sector_translation": "Automotive",
		"technology_translation": "LDV: Fuel Cell",
		"portfolio_name_translation": "iShares Core S&P 500 ETF"
	},
	{
		"asset_class": "Listed Equity",
		"equity_market": "Global Market",
		"portfolio_name": "iShares Core S&P 500 ETF",
		"this_portfolio": false,
		"ald_sector": "Automotive",
		"technology": "Hybrid",
		"plan_carsten": 0,
		"sector_sum": 0.0196,
		"sector_prcnt": 0.0024,
		"cumsum": 0.0173,
		"sector_cumprcnt": 0.883,
		"green": true,
		"green_sum": 0.0174,
		"green_prcnt": 0.8853,
		"asset_class_translation": "Listed Equity",
		"equity_market_translation": "Global Market",
		"ald_sector_translation": "Automotive",
		"technology_translation": "LDV: Hybrid",
		"portfolio_name_translation": "iShares Core S&P 500 ETF"
	},
	{
		"asset_class": "Listed Equity",
		"equity_market": "Global Market",
		"portfolio_name": "iShares Core S&P 500 ETF",
		"this_portfolio": false,
		"ald_sector": "Automotive",
		"technology": "ICE",
		"plan_carsten": 0.0022,
		"sector_sum": 0.0196,
		"sector_prcnt": 0.1147,
		"cumsum": 0.0174,
		"sector_cumprcnt": 0.8853,
		"green": false,
		"green_sum": 0.0022,
		"green_prcnt": 0.1147,
		"asset_class_translation": "Listed Equity",
		"equity_market_translation": "Global Market",
		"ald_sector_translation": "Automotive",
		"technology_translation": "LDV: ICE",
		"portfolio_name_translation": "iShares Core S&P 500 ETF"
	},
	{
		"asset_class": "Listed Equity",
		"equity_market": "Global Market",
		"portfolio_name": "iShares Core S&P 500 ETF",
		"this_portfolio": false,
		"ald_sector": "Oil&Gas",
		"technology": "Oil",
		"plan_carsten": 0.0153,
		"sector_sum": 0.0256,
		"sector_prcnt": 0.6002,
		"cumsum": 0,
		"sector_cumprcnt": 0,
		"green": false,
		"green_sum": 0.0256,
		"green_prcnt": 1,
		"asset_class_translation": "Listed Equity",
		"equity_market_translation": "Global Market",
		"ald_sector_translation": "Oil & Gas",
		"technology_translation": "Oil",
		"portfolio_name_translation": "iShares Core S&P 500 ETF"
	},
	{
		"asset_class": "Listed Equity",
		"equity_market": "Global Market",
		"portfolio_name": "iShares Core S&P 500 ETF",
		"this_portfolio": false,
		"ald_sector": "Oil&Gas",
		"technology": "Gas",
		"plan_carsten": 0.0102,
		"sector_sum": 0.0256,
		"sector_prcnt": 0.3998,
		"cumsum": 0.0153,
		"sector_cumprcnt": 0.6002,
		"green": false,
		"green_sum": 0.0256,
		"green_prcnt": 1,
		"asset_class_translation": "Listed Equity",
		"equity_market_translation": "Global Market",
		"ald_sector_translation": "Oil & Gas",
		"technology_translation": "Gas",
		"portfolio_name_translation": "iShares Core S&P 500 ETF"
	},
	{
		"asset_class": "Listed Equity",
		"equity_market": "Global Market",
		"portfolio_name": "iShares Core S&P 500 ETF",
		"this_portfolio": false,
		"ald_sector": "Cement",
		"technology": "Integrated facility",
		"plan_carsten": 0.0008,
		"sector_sum": 0.0008,
		"sector_prcnt": 1,
		"cumsum": 0,
		"sector_cumprcnt": 0,
		"green": false,
		"green_sum": 0.0008,
		"green_prcnt": 1,
		"asset_class_translation": "Listed Equity",
		"equity_market_translation": "Global Market",
		"ald_sector_translation": "Cement",
		"technology_translation": "Integrated facility",
		"portfolio_name_translation": "iShares Core S&P 500 ETF"
	},
	{
		"asset_class": "Listed Equity",
		"equity_market": "Global Market",
		"portfolio_name": "iShares Core S&P 500 ETF",
		"this_portfolio": false,
		"ald_sector": "Steel",
		"technology": "Electric Arc Furnace",
		"plan_carsten": 0.0015,
		"sector_sum": 0.0015,
		"sector_prcnt": 1,
		"cumsum": 0,
		"sector_cumprcnt": 0,
		"green": true,
		"green_sum": 0.0015,
		"green_prcnt": 1,
		"asset_class_translation": "Listed Equity",
		"equity_market_translation": "Global Market",
		"ald_sector_translation": "Steel",
		"technology_translation": "Electric Arc Furnace",
		"portfolio_name_translation": "iShares Core S&P 500 ETF"
	},
	{
		"asset_class": "Listed Equity",
		"equity_market": "Global Market",
		"portfolio_name": "iShares Core S&P 500 ETF",
		"this_portfolio": false,
		"ald_sector": "Steel",
		"technology": "Open Hearth Furnace",
		"plan_carsten": 0,
		"sector_sum": 0.0015,
		"sector_prcnt": 0,
		"cumsum": 0.0015,
		"sector_cumprcnt": 1,
		"green": false,
		"green_sum": 0,
		"green_prcnt": 0,
		"asset_class_translation": "Listed Equity",
		"equity_market_translation": "Global Market",
		"ald_sector_translation": "Steel",
		"technology_translation": "Open Hearth Furnace",
		"portfolio_name_translation": "iShares Core S&P 500 ETF"
	},
	{
		"asset_class": "Listed Equity",
		"equity_market": "Global Market",
		"portfolio_name": "iShares Core S&P 500 ETF",
		"this_portfolio": false,
		"ald_sector": "Steel",
		"technology": "Basic Oxygen Furnace",
		"plan_carsten": 0,
		"sector_sum": 0.0015,
		"sector_prcnt": 0,
		"cumsum": 0.0015,
		"sector_cumprcnt": 1,
		"green": false,
		"green_sum": 0,
		"green_prcnt": 0,
		"asset_class_translation": "Listed Equity",
		"equity_market_translation": "Global Market",
		"ald_sector_translation": "Steel",
		"technology_translation": "Basic Oxygen Furnace",
		"portfolio_name_translation": "iShares Core S&P 500 ETF"
	},
	{
		"asset_class": "Listed Equity",
		"equity_market": "Global Market",
		"portfolio_name": "iShares Core S&P 500 ETF",
		"this_portfolio": false,
		"ald_sector": "Aviation",
		"technology": "Freight",
		"plan_carsten": 0.0043,
		"sector_sum": 0.006,
		"sector_prcnt": 0.7243,
		"cumsum": 0,
		"sector_cumprcnt": 0,
		"green": false,
		"green_sum": 0.006,
		"green_prcnt": 1,
		"asset_class_translation": "Listed Equity",
		"equity_market_translation": "Global Market",
		"ald_sector_translation": "Aviation",
		"technology_translation": "Freight",
		"portfolio_name_translation": "iShares Core S&P 500 ETF"
	},
	{
		"asset_class": "Listed Equity",
		"equity_market": "Global Market",
		"portfolio_name": "iShares Core S&P 500 ETF",
		"this_portfolio": false,
		"ald_sector": "Aviation",
		"technology": "Passenger",
		"plan_carsten": 0.0016,
		"sector_sum": 0.006,
		"sector_prcnt": 0.2757,
		"cumsum": 0.0043,
		"sector_cumprcnt": 0.7243,
		"green": false,
		"green_sum": 0.006,
		"green_prcnt": 1,
		"asset_class_translation": "Listed Equity",
		"equity_market_translation": "Global Market",
		"ald_sector_translation": "Aviation",
		"technology_translation": "Passenger",
		"portfolio_name_translation": "iShares Core S&P 500 ETF"
	},
	{
		"asset_class": "Listed Equity",
		"equity_market": "Global Market",
		"portfolio_name": "iShares MSCI ACWI ETF",
		"this_portfolio": false,
		"ald_sector": "Power",
		"technology": "RenewablesCap",
		"plan_carsten": 0.0084,
		"sector_sum": 0.0284,
		"sector_prcnt": 0.2952,
		"cumsum": 0,
		"sector_cumprcnt": 0,
		"green": true,
		"green_sum": 0.0134,
		"green_prcnt": 0.4733,
		"asset_class_translation": "Listed Equity",
		"equity_market_translation": "Global Market",
		"ald_sector_translation": "Power",
		"technology_translation": "Renewables",
		"portfolio_name_translation": "iShares MSCI ACWI ETF"
	},
	{
		"asset_class": "Listed Equity",
		"equity_market": "Global Market",
		"portfolio_name": "iShares MSCI ACWI ETF",
		"this_portfolio": false,
		"ald_sector": "Power",
		"technology": "HydroCap",
		"plan_carsten": 0.0026,
		"sector_sum": 0.0284,
		"sector_prcnt": 0.0931,
		"cumsum": 0.0084,
		"sector_cumprcnt": 0.2952,
		"green": true,
		"green_sum": 0.0134,
		"green_prcnt": 0.4733,
		"asset_class_translation": "Listed Equity",
		"equity_market_translation": "Global Market",
		"ald_sector_translation": "Power",
		"technology_translation": "Hydropower",
		"portfolio_name_translation": "iShares MSCI ACWI ETF"
	},
	{
		"asset_class": "Listed Equity",
		"equity_market": "Global Market",
		"portfolio_name": "iShares MSCI ACWI ETF",
		"this_portfolio": false,
		"ald_sector": "Power",
		"technology": "NuclearCap",
		"plan_carsten": 0.0024,
		"sector_sum": 0.0284,
		"sector_prcnt": 0.085,
		"cumsum": 0.011,
		"sector_cumprcnt": 0.3883,
		"green": true,
		"green_sum": 0.0134,
		"green_prcnt": 0.4733,
		"asset_class_translation": "Listed Equity",
		"equity_market_translation": "Global Market",
		"ald_sector_translation": "Power",
		"technology_translation": "Nuclear Power",
		"portfolio_name_translation": "iShares MSCI ACWI ETF"
	},
	{
		"asset_class": "Listed Equity",
		"equity_market": "Global Market",
		"portfolio_name": "iShares MSCI ACWI ETF",
		"this_portfolio": false,
		"ald_sector": "Power",
		"technology": "GasCap",
		"plan_carsten": 0.0086,
		"sector_sum": 0.0284,
		"sector_prcnt": 0.3024,
		"cumsum": 0.0134,
		"sector_cumprcnt": 0.4733,
		"green": false,
		"green_sum": 0.0149,
		"green_prcnt": 0.5267,
		"asset_class_translation": "Listed Equity",
		"equity_market_translation": "Global Market",
		"ald_sector_translation": "Power",
		"technology_translation": "Gas Power",
		"portfolio_name_translation": "iShares MSCI ACWI ETF"
	},
	{
		"asset_class": "Listed Equity",
		"equity_market": "Global Market",
		"portfolio_name": "iShares MSCI ACWI ETF",
		"this_portfolio": false,
		"ald_sector": "Power",
		"technology": "OilCap",
		"plan_carsten": 0.0011,
		"sector_sum": 0.0284,
		"sector_prcnt": 0.0403,
		"cumsum": 0.022,
		"sector_cumprcnt": 0.7757,
		"green": false,
		"green_sum": 0.0149,
		"green_prcnt": 0.5267,
		"asset_class_translation": "Listed Equity",
		"equity_market_translation": "Global Market",
		"ald_sector_translation": "Power",
		"technology_translation": "Oil Power",
		"portfolio_name_translation": "iShares MSCI ACWI ETF"
	},
	{
		"asset_class": "Listed Equity",
		"equity_market": "Global Market",
		"portfolio_name": "iShares MSCI ACWI ETF",
		"this_portfolio": false,
		"ald_sector": "Power",
		"technology": "CoalCap",
		"plan_carsten": 0.0052,
		"sector_sum": 0.0284,
		"sector_prcnt": 0.1839,
		"cumsum": 0.0232,
		"sector_cumprcnt": 0.8161,
		"green": false,
		"green_sum": 0.0149,
		"green_prcnt": 0.5267,
		"asset_class_translation": "Listed Equity",
		"equity_market_translation": "Global Market",
		"ald_sector_translation": "Power",
		"technology_translation": "Coal Power",
		"portfolio_name_translation": "iShares MSCI ACWI ETF"
	},
	{
		"asset_class": "Listed Equity",
		"equity_market": "Global Market",
		"portfolio_name": "iShares MSCI ACWI ETF",
		"this_portfolio": false,
		"ald_sector": "Automotive",
		"technology": "Electric",
		"plan_carsten": 0.0128,
		"sector_sum": 0.0193,
		"sector_prcnt": 0.6628,
		"cumsum": 0,
		"sector_cumprcnt": 0,
		"green": true,
		"green_sum": 0.0132,
		"green_prcnt": 0.6825,
		"asset_class_translation": "Listed Equity",
		"equity_market_translation": "Global Market",
		"ald_sector_translation": "Automotive",
		"technology_translation": "LDV: Electric",
		"portfolio_name_translation": "iShares MSCI ACWI ETF"
	},
	{
		"asset_class": "Listed Equity",
		"equity_market": "Global Market",
		"portfolio_name": "iShares MSCI ACWI ETF",
		"this_portfolio": false,
		"ald_sector": "Automotive",
		"technology": "FuelCell",
		"plan_carsten": 1.3751e-7,
		"sector_sum": 0.0193,
		"sector_prcnt": 7.1264e-6,
		"cumsum": 0.0128,
		"sector_cumprcnt": 0.6628,
		"green": true,
		"green_sum": 0.0132,
		"green_prcnt": 0.6825,
		"asset_class_translation": "Listed Equity",
		"equity_market_translation": "Global Market",
		"ald_sector_translation": "Automotive",
		"technology_translation": "LDV: Fuel Cell",
		"portfolio_name_translation": "iShares MSCI ACWI ETF"
	},
	{
		"asset_class": "Listed Equity",
		"equity_market": "Global Market",
		"portfolio_name": "iShares MSCI ACWI ETF",
		"this_portfolio": false,
		"ald_sector": "Automotive",
		"technology": "Hybrid",
		"plan_carsten": 0.0004,
		"sector_sum": 0.0193,
		"sector_prcnt": 0.0197,
		"cumsum": 0.0128,
		"sector_cumprcnt": 0.6628,
		"green": true,
		"green_sum": 0.0132,
		"green_prcnt": 0.6825,
		"asset_class_translation": "Listed Equity",
		"equity_market_translation": "Global Market",
		"ald_sector_translation": "Automotive",
		"technology_translation": "LDV: Hybrid",
		"portfolio_name_translation": "iShares MSCI ACWI ETF"
	},
	{
		"asset_class": "Listed Equity",
		"equity_market": "Global Market",
		"portfolio_name": "iShares MSCI ACWI ETF",
		"this_portfolio": false,
		"ald_sector": "Automotive",
		"technology": "ICE",
		"plan_carsten": 0.0061,
		"sector_sum": 0.0193,
		"sector_prcnt": 0.3175,
		"cumsum": 0.0132,
		"sector_cumprcnt": 0.6825,
		"green": false,
		"green_sum": 0.0061,
		"green_prcnt": 0.3175,
		"asset_class_translation": "Listed Equity",
		"equity_market_translation": "Global Market",
		"ald_sector_translation": "Automotive",
		"technology_translation": "LDV: ICE",
		"portfolio_name_translation": "iShares MSCI ACWI ETF"
	},
	{
		"asset_class": "Listed Equity",
		"equity_market": "Global Market",
		"portfolio_name": "iShares MSCI ACWI ETF",
		"this_portfolio": false,
		"ald_sector": "Oil&Gas",
		"technology": "Oil",
		"plan_carsten": 0.02,
		"sector_sum": 0.0354,
		"sector_prcnt": 0.5651,
		"cumsum": 0,
		"sector_cumprcnt": 0,
		"green": false,
		"green_sum": 0.0354,
		"green_prcnt": 1,
		"asset_class_translation": "Listed Equity",
		"equity_market_translation": "Global Market",
		"ald_sector_translation": "Oil & Gas",
		"technology_translation": "Oil",
		"portfolio_name_translation": "iShares MSCI ACWI ETF"
	},
	{
		"asset_class": "Listed Equity",
		"equity_market": "Global Market",
		"portfolio_name": "iShares MSCI ACWI ETF",
		"this_portfolio": false,
		"ald_sector": "Oil&Gas",
		"technology": "Gas",
		"plan_carsten": 0.0154,
		"sector_sum": 0.0354,
		"sector_prcnt": 0.4349,
		"cumsum": 0.02,
		"sector_cumprcnt": 0.5651,
		"green": false,
		"green_sum": 0.0354,
		"green_prcnt": 1,
		"asset_class_translation": "Listed Equity",
		"equity_market_translation": "Global Market",
		"ald_sector_translation": "Oil & Gas",
		"technology_translation": "Gas",
		"portfolio_name_translation": "iShares MSCI ACWI ETF"
	},
	{
		"asset_class": "Listed Equity",
		"equity_market": "Global Market",
		"portfolio_name": "iShares MSCI ACWI ETF",
		"this_portfolio": false,
		"ald_sector": "Coal",
		"technology": "Coal",
		"plan_carsten": 0.0012,
		"sector_sum": 0.0012,
		"sector_prcnt": 1,
		"cumsum": 0,
		"sector_cumprcnt": 0,
		"green": false,
		"green_sum": 0.0012,
		"green_prcnt": 1,
		"asset_class_translation": "Listed Equity",
		"equity_market_translation": "Global Market",
		"ald_sector_translation": "Coal",
		"technology_translation": "Coal",
		"portfolio_name_translation": "iShares MSCI ACWI ETF"
	},
	{
		"asset_class": "Listed Equity",
		"equity_market": "Global Market",
		"portfolio_name": "iShares MSCI ACWI ETF",
		"this_portfolio": false,
		"ald_sector": "Cement",
		"technology": "Integrated facility",
		"plan_carsten": 0.003,
		"sector_sum": 0.003,
		"sector_prcnt": 1,
		"cumsum": 0,
		"sector_cumprcnt": 0,
		"green": false,
		"green_sum": 0.003,
		"green_prcnt": 1,
		"asset_class_translation": "Listed Equity",
		"equity_market_translation": "Global Market",
		"ald_sector_translation": "Cement",
		"technology_translation": "Integrated facility",
		"portfolio_name_translation": "iShares MSCI ACWI ETF"
	},
	{
		"asset_class": "Listed Equity",
		"equity_market": "Global Market",
		"portfolio_name": "iShares MSCI ACWI ETF",
		"this_portfolio": false,
		"ald_sector": "Steel",
		"technology": "Electric Arc Furnace",
		"plan_carsten": 0.0015,
		"sector_sum": 0.0037,
		"sector_prcnt": 0.4106,
		"cumsum": 0,
		"sector_cumprcnt": 0,
		"green": true,
		"green_sum": 0.0015,
		"green_prcnt": 0.4106,
		"asset_class_translation": "Listed Equity",
		"equity_market_translation": "Global Market",
		"ald_sector_translation": "Steel",
		"technology_translation": "Electric Arc Furnace",
		"portfolio_name_translation": "iShares MSCI ACWI ETF"
	},
	{
		"asset_class": "Listed Equity",
		"equity_market": "Global Market",
		"portfolio_name": "iShares MSCI ACWI ETF",
		"this_portfolio": false,
		"ald_sector": "Steel",
		"technology": "Open Hearth Furnace",
		"plan_carsten": 0,
		"sector_sum": 0.0037,
		"sector_prcnt": 0.0048,
		"cumsum": 0.0015,
		"sector_cumprcnt": 0.4106,
		"green": false,
		"green_sum": 0.0022,
		"green_prcnt": 0.5894,
		"asset_class_translation": "Listed Equity",
		"equity_market_translation": "Global Market",
		"ald_sector_translation": "Steel",
		"technology_translation": "Open Hearth Furnace",
		"portfolio_name_translation": "iShares MSCI ACWI ETF"
	},
	{
		"asset_class": "Listed Equity",
		"equity_market": "Global Market",
		"portfolio_name": "iShares MSCI ACWI ETF",
		"this_portfolio": false,
		"ald_sector": "Steel",
		"technology": "Basic Oxygen Furnace",
		"plan_carsten": 0.0022,
		"sector_sum": 0.0037,
		"sector_prcnt": 0.5846,
		"cumsum": 0.0015,
		"sector_cumprcnt": 0.4154,
		"green": false,
		"green_sum": 0.0022,
		"green_prcnt": 0.5894,
		"asset_class_translation": "Listed Equity",
		"equity_market_translation": "Global Market",
		"ald_sector_translation": "Steel",
		"technology_translation": "Basic Oxygen Furnace",
		"portfolio_name_translation": "iShares MSCI ACWI ETF"
	},
	{
		"asset_class": "Listed Equity",
		"equity_market": "Global Market",
		"portfolio_name": "iShares MSCI ACWI ETF",
		"this_portfolio": false,
		"ald_sector": "Aviation",
		"technology": "Freight",
		"plan_carsten": 0.0039,
		"sector_sum": 0.0045,
		"sector_prcnt": 0.8552,
		"cumsum": 0,
		"sector_cumprcnt": 0,
		"green": false,
		"green_sum": 0.0045,
		"green_prcnt": 1,
		"asset_class_translation": "Listed Equity",
		"equity_market_translation": "Global Market",
		"ald_sector_translation": "Aviation",
		"technology_translation": "Freight",
		"portfolio_name_translation": "iShares MSCI ACWI ETF"
	},
	{
		"asset_class": "Listed Equity",
		"equity_market": "Global Market",
		"portfolio_name": "iShares MSCI ACWI ETF",
		"this_portfolio": false,
		"ald_sector": "Aviation",
		"technology": "Passenger",
		"plan_carsten": 0.0007,
		"sector_sum": 0.0045,
		"sector_prcnt": 0.1448,
		"cumsum": 0.0039,
		"sector_cumprcnt": 0.8552,
		"green": false,
		"green_sum": 0.0045,
		"green_prcnt": 1,
		"asset_class_translation": "Listed Equity",
		"equity_market_translation": "Global Market",
		"ald_sector_translation": "Aviation",
		"technology_translation": "Passenger",
		"portfolio_name_translation": "iShares MSCI ACWI ETF"
	},
	{
		"asset_class": "Listed Equity",
		"equity_market": "Global Market",
		"portfolio_name": "iShares MSCI EM UCITS ETF USD (Acc)",
		"this_portfolio": false,
		"ald_sector": "Power",
		"technology": "RenewablesCap",
		"plan_carsten": 0.0071,
		"sector_sum": 0.0342,
		"sector_prcnt": 0.2065,
		"cumsum": 0,
		"sector_cumprcnt": 0,
		"green": true,
		"green_sum": 0.0172,
		"green_prcnt": 0.503,
		"asset_class_translation": "Listed Equity",
		"equity_market_translation": "Global Market",
		"ald_sector_translation": "Power",
		"technology_translation": "Renewables",
		"portfolio_name_translation": "iShares MSCI EM UCITS ETF USD (Acc)"
	},
	{
		"asset_class": "Listed Equity",
		"equity_market": "Global Market",
		"portfolio_name": "iShares MSCI EM UCITS ETF USD (Acc)",
		"this_portfolio": false,
		"ald_sector": "Power",
		"technology": "HydroCap",
		"plan_carsten": 0.0094,
		"sector_sum": 0.0342,
		"sector_prcnt": 0.2748,
		"cumsum": 0.0071,
		"sector_cumprcnt": 0.2065,
		"green": true,
		"green_sum": 0.0172,
		"green_prcnt": 0.503,
		"asset_class_translation": "Listed Equity",
		"equity_market_translation": "Global Market",
		"ald_sector_translation": "Power",
		"technology_translation": "Hydropower",
		"portfolio_name_translation": "iShares MSCI EM UCITS ETF USD (Acc)"
	},
	{
		"asset_class": "Listed Equity",
		"equity_market": "Global Market",
		"portfolio_name": "iShares MSCI EM UCITS ETF USD (Acc)",
		"this_portfolio": false,
		"ald_sector": "Power",
		"technology": "NuclearCap",
		"plan_carsten": 0.0007,
		"sector_sum": 0.0342,
		"sector_prcnt": 0.0217,
		"cumsum": 0.0165,
		"sector_cumprcnt": 0.4813,
		"green": true,
		"green_sum": 0.0172,
		"green_prcnt": 0.503,
		"asset_class_translation": "Listed Equity",
		"equity_market_translation": "Global Market",
		"ald_sector_translation": "Power",
		"technology_translation": "Nuclear Power",
		"portfolio_name_translation": "iShares MSCI EM UCITS ETF USD (Acc)"
	},
	{
		"asset_class": "Listed Equity",
		"equity_market": "Global Market",
		"portfolio_name": "iShares MSCI EM UCITS ETF USD (Acc)",
		"this_portfolio": false,
		"ald_sector": "Power",
		"technology": "GasCap",
		"plan_carsten": 0.0072,
		"sector_sum": 0.0342,
		"sector_prcnt": 0.2103,
		"cumsum": 0.0172,
		"sector_cumprcnt": 0.503,
		"green": false,
		"green_sum": 0.017,
		"green_prcnt": 0.497,
		"asset_class_translation": "Listed Equity",
		"equity_market_translation": "Global Market",
		"ald_sector_translation": "Power",
		"technology_translation": "Gas Power",
		"portfolio_name_translation": "iShares MSCI EM UCITS ETF USD (Acc)"
	},
	{
		"asset_class": "Listed Equity",
		"equity_market": "Global Market",
		"portfolio_name": "iShares MSCI EM UCITS ETF USD (Acc)",
		"this_portfolio": false,
		"ald_sector": "Power",
		"technology": "OilCap",
		"plan_carsten": 0.0021,
		"sector_sum": 0.0342,
		"sector_prcnt": 0.0614,
		"cumsum": 0.0244,
		"sector_cumprcnt": 0.7133,
		"green": false,
		"green_sum": 0.017,
		"green_prcnt": 0.497,
		"asset_class_translation": "Listed Equity",
		"equity_market_translation": "Global Market",
		"ald_sector_translation": "Power",
		"technology_translation": "Oil Power",
		"portfolio_name_translation": "iShares MSCI EM UCITS ETF USD (Acc)"
	},
	{
		"asset_class": "Listed Equity",
		"equity_market": "Global Market",
		"portfolio_name": "iShares MSCI EM UCITS ETF USD (Acc)",
		"this_portfolio": false,
		"ald_sector": "Power",
		"technology": "CoalCap",
		"plan_carsten": 0.0077,
		"sector_sum": 0.0342,
		"sector_prcnt": 0.2252,
		"cumsum": 0.0265,
		"sector_cumprcnt": 0.7748,
		"green": false,
		"green_sum": 0.017,
		"green_prcnt": 0.497,
		"asset_class_translation": "Listed Equity",
		"equity_market_translation": "Global Market",
		"ald_sector_translation": "Power",
		"technology_translation": "Coal Power",
		"portfolio_name_translation": "iShares MSCI EM UCITS ETF USD (Acc)"
	},
	{
		"asset_class": "Listed Equity",
		"equity_market": "Global Market",
		"portfolio_name": "iShares MSCI EM UCITS ETF USD (Acc)",
		"this_portfolio": false,
		"ald_sector": "Automotive",
		"technology": "Electric",
		"plan_carsten": 0.0113,
		"sector_sum": 0.0139,
		"sector_prcnt": 0.8161,
		"cumsum": 0,
		"sector_cumprcnt": 0,
		"green": true,
		"green_sum": 0.0115,
		"green_prcnt": 0.8288,
		"asset_class_translation": "Listed Equity",
		"equity_market_translation": "Global Market",
		"ald_sector_translation": "Automotive",
		"technology_translation": "LDV: Electric",
		"portfolio_name_translation": "iShares MSCI EM UCITS ETF USD (Acc)"
	},
	{
		"asset_class": "Listed Equity",
		"equity_market": "Global Market",
		"portfolio_name": "iShares MSCI EM UCITS ETF USD (Acc)",
		"this_portfolio": false,
		"ald_sector": "Automotive",
		"technology": "FuelCell",
		"plan_carsten": 1.7191e-8,
		"sector_sum": 0.0139,
		"sector_prcnt": 1.2384e-6,
		"cumsum": 0.0113,
		"sector_cumprcnt": 0.8161,
		"green": true,
		"green_sum": 0.0115,
		"green_prcnt": 0.8288,
		"asset_class_translation": "Listed Equity",
		"equity_market_translation": "Global Market",
		"ald_sector_translation": "Automotive",
		"technology_translation": "LDV: Fuel Cell",
		"portfolio_name_translation": "iShares MSCI EM UCITS ETF USD (Acc)"
	},
	{
		"asset_class": "Listed Equity",
		"equity_market": "Global Market",
		"portfolio_name": "iShares MSCI EM UCITS ETF USD (Acc)",
		"this_portfolio": false,
		"ald_sector": "Automotive",
		"technology": "Hybrid",
		"plan_carsten": 0.0002,
		"sector_sum": 0.0139,
		"sector_prcnt": 0.0127,
		"cumsum": 0.0113,
		"sector_cumprcnt": 0.8161,
		"green": true,
		"green_sum": 0.0115,
		"green_prcnt": 0.8288,
		"asset_class_translation": "Listed Equity",
		"equity_market_translation": "Global Market",
		"ald_sector_translation": "Automotive",
		"technology_translation": "LDV: Hybrid",
		"portfolio_name_translation": "iShares MSCI EM UCITS ETF USD (Acc)"
	},
	{
		"asset_class": "Listed Equity",
		"equity_market": "Global Market",
		"portfolio_name": "iShares MSCI EM UCITS ETF USD (Acc)",
		"this_portfolio": false,
		"ald_sector": "Automotive",
		"technology": "ICE",
		"plan_carsten": 0.0024,
		"sector_sum": 0.0139,
		"sector_prcnt": 0.1712,
		"cumsum": 0.0115,
		"sector_cumprcnt": 0.8288,
		"green": false,
		"green_sum": 0.0024,
		"green_prcnt": 0.1712,
		"asset_class_translation": "Listed Equity",
		"equity_market_translation": "Global Market",
		"ald_sector_translation": "Automotive",
		"technology_translation": "LDV: ICE",
		"portfolio_name_translation": "iShares MSCI EM UCITS ETF USD (Acc)"
	},
	{
		"asset_class": "Listed Equity",
		"equity_market": "Global Market",
		"portfolio_name": "iShares MSCI EM UCITS ETF USD (Acc)",
		"this_portfolio": false,
		"ald_sector": "Oil&Gas",
		"technology": "Oil",
		"plan_carsten": 0.0361,
		"sector_sum": 0.0454,
		"sector_prcnt": 0.7959,
		"cumsum": 0,
		"sector_cumprcnt": 0,
		"green": false,
		"green_sum": 0.0454,
		"green_prcnt": 1,
		"asset_class_translation": "Listed Equity",
		"equity_market_translation": "Global Market",
		"ald_sector_translation": "Oil & Gas",
		"technology_translation": "Oil",
		"portfolio_name_translation": "iShares MSCI EM UCITS ETF USD (Acc)"
	},
	{
		"asset_class": "Listed Equity",
		"equity_market": "Global Market",
		"portfolio_name": "iShares MSCI EM UCITS ETF USD (Acc)",
		"this_portfolio": false,
		"ald_sector": "Oil&Gas",
		"technology": "Gas",
		"plan_carsten": 0.0093,
		"sector_sum": 0.0454,
		"sector_prcnt": 0.2041,
		"cumsum": 0.0361,
		"sector_cumprcnt": 0.7959,
		"green": false,
		"green_sum": 0.0454,
		"green_prcnt": 1,
		"asset_class_translation": "Listed Equity",
		"equity_market_translation": "Global Market",
		"ald_sector_translation": "Oil & Gas",
		"technology_translation": "Gas",
		"portfolio_name_translation": "iShares MSCI EM UCITS ETF USD (Acc)"
	},
	{
		"asset_class": "Listed Equity",
		"equity_market": "Global Market",
		"portfolio_name": "iShares MSCI EM UCITS ETF USD (Acc)",
		"this_portfolio": false,
		"ald_sector": "Coal",
		"technology": "Coal",
		"plan_carsten": 0.0052,
		"sector_sum": 0.0052,
		"sector_prcnt": 1,
		"cumsum": 0,
		"sector_cumprcnt": 0,
		"green": false,
		"green_sum": 0.0052,
		"green_prcnt": 1,
		"asset_class_translation": "Listed Equity",
		"equity_market_translation": "Global Market",
		"ald_sector_translation": "Coal",
		"technology_translation": "Coal",
		"portfolio_name_translation": "iShares MSCI EM UCITS ETF USD (Acc)"
	},
	{
		"asset_class": "Listed Equity",
		"equity_market": "Global Market",
		"portfolio_name": "iShares MSCI EM UCITS ETF USD (Acc)",
		"this_portfolio": false,
		"ald_sector": "Cement",
		"technology": "Integrated facility",
		"plan_carsten": 0.0021,
		"sector_sum": 0.0021,
		"sector_prcnt": 1,
		"cumsum": 0,
		"sector_cumprcnt": 0,
		"green": false,
		"green_sum": 0.0021,
		"green_prcnt": 1,
		"asset_class_translation": "Listed Equity",
		"equity_market_translation": "Global Market",
		"ald_sector_translation": "Cement",
		"technology_translation": "Integrated facility",
		"portfolio_name_translation": "iShares MSCI EM UCITS ETF USD (Acc)"
	},
	{
		"asset_class": "Listed Equity",
		"equity_market": "Global Market",
		"portfolio_name": "iShares MSCI EM UCITS ETF USD (Acc)",
		"this_portfolio": false,
		"ald_sector": "Steel",
		"technology": "Electric Arc Furnace",
		"plan_carsten": 0.0032,
		"sector_sum": 0.0303,
		"sector_prcnt": 0.1052,
		"cumsum": 0,
		"sector_cumprcnt": 0,
		"green": true,
		"green_sum": 0.0032,
		"green_prcnt": 0.1052,
		"asset_class_translation": "Listed Equity",
		"equity_market_translation": "Global Market",
		"ald_sector_translation": "Steel",
		"technology_translation": "Electric Arc Furnace",
		"portfolio_name_translation": "iShares MSCI EM UCITS ETF USD (Acc)"
	},
	{
		"asset_class": "Listed Equity",
		"equity_market": "Global Market",
		"portfolio_name": "iShares MSCI EM UCITS ETF USD (Acc)",
		"this_portfolio": false,
		"ald_sector": "Steel",
		"technology": "Open Hearth Furnace",
		"plan_carsten": 0,
		"sector_sum": 0.0303,
		"sector_prcnt": 0,
		"cumsum": 0.0032,
		"sector_cumprcnt": 0.1052,
		"green": false,
		"green_sum": 0.0271,
		"green_prcnt": 0.8948,
		"asset_class_translation": "Listed Equity",
		"equity_market_translation": "Global Market",
		"ald_sector_translation": "Steel",
		"technology_translation": "Open Hearth Furnace",
		"portfolio_name_translation": "iShares MSCI EM UCITS ETF USD (Acc)"
	},
	{
		"asset_class": "Listed Equity",
		"equity_market": "Global Market",
		"portfolio_name": "iShares MSCI EM UCITS ETF USD (Acc)",
		"this_portfolio": false,
		"ald_sector": "Steel",
		"technology": "Basic Oxygen Furnace",
		"plan_carsten": 0.0271,
		"sector_sum": 0.0303,
		"sector_prcnt": 0.8948,
		"cumsum": 0.0032,
		"sector_cumprcnt": 0.1052,
		"green": false,
		"green_sum": 0.0271,
		"green_prcnt": 0.8948,
		"asset_class_translation": "Listed Equity",
		"equity_market_translation": "Global Market",
		"ald_sector_translation": "Steel",
		"technology_translation": "Basic Oxygen Furnace",
		"portfolio_name_translation": "iShares MSCI EM UCITS ETF USD (Acc)"
	},
	{
		"asset_class": "Listed Equity",
		"equity_market": "Global Market",
		"portfolio_name": "iShares MSCI EM UCITS ETF USD (Acc)",
		"this_portfolio": false,
		"ald_sector": "Aviation",
		"technology": "Freight",
		"plan_carsten": 0.0015,
		"sector_sum": 0.0039,
		"sector_prcnt": 0.382,
		"cumsum": 0,
		"sector_cumprcnt": 0,
		"green": false,
		"green_sum": 0.0039,
		"green_prcnt": 1,
		"asset_class_translation": "Listed Equity",
		"equity_market_translation": "Global Market",
		"ald_sector_translation": "Aviation",
		"technology_translation": "Freight",
		"portfolio_name_translation": "iShares MSCI EM UCITS ETF USD (Acc)"
	},
	{
		"asset_class": "Listed Equity",
		"equity_market": "Global Market",
		"portfolio_name": "iShares MSCI EM UCITS ETF USD (Acc)",
		"this_portfolio": false,
		"ald_sector": "Aviation",
		"technology": "Passenger",
		"plan_carsten": 0.0024,
		"sector_sum": 0.0039,
		"sector_prcnt": 0.618,
		"cumsum": 0.0015,
		"sector_cumprcnt": 0.382,
		"green": false,
		"green_sum": 0.0039,
		"green_prcnt": 1,
		"asset_class_translation": "Listed Equity",
		"equity_market_translation": "Global Market",
		"ald_sector_translation": "Aviation",
		"technology_translation": "Passenger",
		"portfolio_name_translation": "iShares MSCI EM UCITS ETF USD (Acc)"
	},
	{
		"asset_class": "Listed Equity",
		"equity_market": "Global Market",
		"portfolio_name": "iShares MSCI World ETF",
		"this_portfolio": false,
		"ald_sector": "Power",
		"technology": "RenewablesCap",
		"plan_carsten": 0.0085,
		"sector_sum": 0.0282,
		"sector_prcnt": 0.3016,
		"cumsum": 0,
		"sector_cumprcnt": 0,
		"green": true,
		"green_sum": 0.0134,
		"green_prcnt": 0.477,
		"asset_class_translation": "Listed Equity",
		"equity_market_translation": "Global Market",
		"ald_sector_translation": "Power",
		"technology_translation": "Renewables",
		"portfolio_name_translation": "iShares MSCI World ETF"
	},
	{
		"asset_class": "Listed Equity",
		"equity_market": "Global Market",
		"portfolio_name": "iShares MSCI World ETF",
		"this_portfolio": false,
		"ald_sector": "Power",
		"technology": "HydroCap",
		"plan_carsten": 0.0023,
		"sector_sum": 0.0282,
		"sector_prcnt": 0.0829,
		"cumsum": 0.0085,
		"sector_cumprcnt": 0.3016,
		"green": true,
		"green_sum": 0.0134,
		"green_prcnt": 0.477,
		"asset_class_translation": "Listed Equity",
		"equity_market_translation": "Global Market",
		"ald_sector_translation": "Power",
		"technology_translation": "Hydropower",
		"portfolio_name_translation": "iShares MSCI World ETF"
	},
	{
		"asset_class": "Listed Equity",
		"equity_market": "Global Market",
		"portfolio_name": "iShares MSCI World ETF",
		"this_portfolio": false,
		"ald_sector": "Power",
		"technology": "NuclearCap",
		"plan_carsten": 0.0026,
		"sector_sum": 0.0282,
		"sector_prcnt": 0.0925,
		"cumsum": 0.0108,
		"sector_cumprcnt": 0.3845,
		"green": true,
		"green_sum": 0.0134,
		"green_prcnt": 0.477,
		"asset_class_translation": "Listed Equity",
		"equity_market_translation": "Global Market",
		"ald_sector_translation": "Power",
		"technology_translation": "Nuclear Power",
		"portfolio_name_translation": "iShares MSCI World ETF"
	},
	{
		"asset_class": "Listed Equity",
		"equity_market": "Global Market",
		"portfolio_name": "iShares MSCI World ETF",
		"this_portfolio": false,
		"ald_sector": "Power",
		"technology": "GasCap",
		"plan_carsten": 0.0086,
		"sector_sum": 0.0282,
		"sector_prcnt": 0.3045,
		"cumsum": 0.0134,
		"sector_cumprcnt": 0.477,
		"green": false,
		"green_sum": 0.0147,
		"green_prcnt": 0.523,
		"asset_class_translation": "Listed Equity",
		"equity_market_translation": "Global Market",
		"ald_sector_translation": "Power",
		"technology_translation": "Gas Power",
		"portfolio_name_translation": "iShares MSCI World ETF"
	},
	{
		"asset_class": "Listed Equity",
		"equity_market": "Global Market",
		"portfolio_name": "iShares MSCI World ETF",
		"this_portfolio": false,
		"ald_sector": "Power",
		"technology": "OilCap",
		"plan_carsten": 0.0011,
		"sector_sum": 0.0282,
		"sector_prcnt": 0.0408,
		"cumsum": 0.022,
		"sector_cumprcnt": 0.7815,
		"green": false,
		"green_sum": 0.0147,
		"green_prcnt": 0.523,
		"asset_class_translation": "Listed Equity",
		"equity_market_translation": "Global Market",
		"ald_sector_translation": "Power",
		"technology_translation": "Oil Power",
		"portfolio_name_translation": "iShares MSCI World ETF"
	},
	{
		"asset_class": "Listed Equity",
		"equity_market": "Global Market",
		"portfolio_name": "iShares MSCI World ETF",
		"this_portfolio": false,
		"ald_sector": "Power",
		"technology": "CoalCap",
		"plan_carsten": 0.005,
		"sector_sum": 0.0282,
		"sector_prcnt": 0.1778,
		"cumsum": 0.0232,
		"sector_cumprcnt": 0.8222,
		"green": false,
		"green_sum": 0.0147,
		"green_prcnt": 0.523,
		"asset_class_translation": "Listed Equity",
		"equity_market_translation": "Global Market",
		"ald_sector_translation": "Power",
		"technology_translation": "Coal Power",
		"portfolio_name_translation": "iShares MSCI World ETF"
	},
	{
		"asset_class": "Listed Equity",
		"equity_market": "Global Market",
		"portfolio_name": "iShares MSCI World ETF",
		"this_portfolio": false,
		"ald_sector": "Automotive",
		"technology": "Electric",
		"plan_carsten": 0.0135,
		"sector_sum": 0.02,
		"sector_prcnt": 0.6771,
		"cumsum": 0,
		"sector_cumprcnt": 0,
		"green": true,
		"green_sum": 0.0139,
		"green_prcnt": 0.6952,
		"asset_class_translation": "Listed Equity",
		"equity_market_translation": "Global Market",
		"ald_sector_translation": "Automotive",
		"technology_translation": "LDV: Electric",
		"portfolio_name_translation": "iShares MSCI World ETF"
	},
	{
		"asset_class": "Listed Equity",
		"equity_market": "Global Market",
		"portfolio_name": "iShares MSCI World ETF",
		"this_portfolio": false,
		"ald_sector": "Automotive",
		"technology": "FuelCell",
		"plan_carsten": 1.5584e-7,
		"sector_sum": 0.02,
		"sector_prcnt": 7.7888e-6,
		"cumsum": 0.0135,
		"sector_cumprcnt": 0.6771,
		"green": true,
		"green_sum": 0.0139,
		"green_prcnt": 0.6952,
		"asset_class_translation": "Listed Equity",
		"equity_market_translation": "Global Market",
		"ald_sector_translation": "Automotive",
		"technology_translation": "LDV: Fuel Cell",
		"portfolio_name_translation": "iShares MSCI World ETF"
	},
	{
		"asset_class": "Listed Equity",
		"equity_market": "Global Market",
		"portfolio_name": "iShares MSCI World ETF",
		"this_portfolio": false,
		"ald_sector": "Automotive",
		"technology": "Hybrid",
		"plan_carsten": 0.0004,
		"sector_sum": 0.02,
		"sector_prcnt": 0.0181,
		"cumsum": 0.0135,
		"sector_cumprcnt": 0.6771,
		"green": true,
		"green_sum": 0.0139,
		"green_prcnt": 0.6952,
		"asset_class_translation": "Listed Equity",
		"equity_market_translation": "Global Market",
		"ald_sector_translation": "Automotive",
		"technology_translation": "LDV: Hybrid",
		"portfolio_name_translation": "iShares MSCI World ETF"
	},
	{
		"asset_class": "Listed Equity",
		"equity_market": "Global Market",
		"portfolio_name": "iShares MSCI World ETF",
		"this_portfolio": false,
		"ald_sector": "Automotive",
		"technology": "ICE",
		"plan_carsten": 0.0061,
		"sector_sum": 0.02,
		"sector_prcnt": 0.3048,
		"cumsum": 0.0139,
		"sector_cumprcnt": 0.6952,
		"green": false,
		"green_sum": 0.0061,
		"green_prcnt": 0.3048,
		"asset_class_translation": "Listed Equity",
		"equity_market_translation": "Global Market",
		"ald_sector_translation": "Automotive",
		"technology_translation": "LDV: ICE",
		"portfolio_name_translation": "iShares MSCI World ETF"
	},
	{
		"asset_class": "Listed Equity",
		"equity_market": "Global Market",
		"portfolio_name": "iShares MSCI World ETF",
		"this_portfolio": false,
		"ald_sector": "Oil&Gas",
		"technology": "Oil",
		"plan_carsten": 0.0189,
		"sector_sum": 0.0333,
		"sector_prcnt": 0.5692,
		"cumsum": 0,
		"sector_cumprcnt": 0,
		"green": false,
		"green_sum": 0.0333,
		"green_prcnt": 1,
		"asset_class_translation": "Listed Equity",
		"equity_market_translation": "Global Market",
		"ald_sector_translation": "Oil & Gas",
		"technology_translation": "Oil",
		"portfolio_name_translation": "iShares MSCI World ETF"
	},
	{
		"asset_class": "Listed Equity",
		"equity_market": "Global Market",
		"portfolio_name": "iShares MSCI World ETF",
		"this_portfolio": false,
		"ald_sector": "Oil&Gas",
		"technology": "Gas",
		"plan_carsten": 0.0143,
		"sector_sum": 0.0333,
		"sector_prcnt": 0.4308,
		"cumsum": 0.0189,
		"sector_cumprcnt": 0.5692,
		"green": false,
		"green_sum": 0.0333,
		"green_prcnt": 1,
		"asset_class_translation": "Listed Equity",
		"equity_market_translation": "Global Market",
		"ald_sector_translation": "Oil & Gas",
		"technology_translation": "Gas",
		"portfolio_name_translation": "iShares MSCI World ETF"
	},
	{
		"asset_class": "Listed Equity",
		"equity_market": "Global Market",
		"portfolio_name": "iShares MSCI World ETF",
		"this_portfolio": false,
		"ald_sector": "Coal",
		"technology": "Coal",
		"plan_carsten": 0.001,
		"sector_sum": 0.001,
		"sector_prcnt": 1,
		"cumsum": 0,
		"sector_cumprcnt": 0,
		"green": false,
		"green_sum": 0.001,
		"green_prcnt": 1,
		"asset_class_translation": "Listed Equity",
		"equity_market_translation": "Global Market",
		"ald_sector_translation": "Coal",
		"technology_translation": "Coal",
		"portfolio_name_translation": "iShares MSCI World ETF"
	},
	{
		"asset_class": "Listed Equity",
		"equity_market": "Global Market",
		"portfolio_name": "iShares MSCI World ETF",
		"this_portfolio": false,
		"ald_sector": "Cement",
		"technology": "Integrated facility",
		"plan_carsten": 0.0028,
		"sector_sum": 0.0028,
		"sector_prcnt": 1,
		"cumsum": 0,
		"sector_cumprcnt": 0,
		"green": false,
		"green_sum": 0.0028,
		"green_prcnt": 1,
		"asset_class_translation": "Listed Equity",
		"equity_market_translation": "Global Market",
		"ald_sector_translation": "Cement",
		"technology_translation": "Integrated facility",
		"portfolio_name_translation": "iShares MSCI World ETF"
	},
	{
		"asset_class": "Listed Equity",
		"equity_market": "Global Market",
		"portfolio_name": "iShares MSCI World ETF",
		"this_portfolio": false,
		"ald_sector": "Steel",
		"technology": "Electric Arc Furnace",
		"plan_carsten": 0.0014,
		"sector_sum": 0.0023,
		"sector_prcnt": 0.5937,
		"cumsum": 0,
		"sector_cumprcnt": 0,
		"green": true,
		"green_sum": 0.0014,
		"green_prcnt": 0.5937,
		"asset_class_translation": "Listed Equity",
		"equity_market_translation": "Global Market",
		"ald_sector_translation": "Steel",
		"technology_translation": "Electric Arc Furnace",
		"portfolio_name_translation": "iShares MSCI World ETF"
	},
	{
		"asset_class": "Listed Equity",
		"equity_market": "Global Market",
		"portfolio_name": "iShares MSCI World ETF",
		"this_portfolio": false,
		"ald_sector": "Steel",
		"technology": "Open Hearth Furnace",
		"plan_carsten": 0,
		"sector_sum": 0.0023,
		"sector_prcnt": 0.0079,
		"cumsum": 0.0014,
		"sector_cumprcnt": 0.5937,
		"green": false,
		"green_sum": 0.0009,
		"green_prcnt": 0.4063,
		"asset_class_translation": "Listed Equity",
		"equity_market_translation": "Global Market",
		"ald_sector_translation": "Steel",
		"technology_translation": "Open Hearth Furnace",
		"portfolio_name_translation": "iShares MSCI World ETF"
	},
	{
		"asset_class": "Listed Equity",
		"equity_market": "Global Market",
		"portfolio_name": "iShares MSCI World ETF",
		"this_portfolio": false,
		"ald_sector": "Steel",
		"technology": "Basic Oxygen Furnace",
		"plan_carsten": 0.0009,
		"sector_sum": 0.0023,
		"sector_prcnt": 0.3984,
		"cumsum": 0.0014,
		"sector_cumprcnt": 0.6016,
		"green": false,
		"green_sum": 0.0009,
		"green_prcnt": 0.4063,
		"asset_class_translation": "Listed Equity",
		"equity_market_translation": "Global Market",
		"ald_sector_translation": "Steel",
		"technology_translation": "Basic Oxygen Furnace",
		"portfolio_name_translation": "iShares MSCI World ETF"
	},
	{
		"asset_class": "Listed Equity",
		"equity_market": "Global Market",
		"portfolio_name": "iShares MSCI World ETF",
		"this_portfolio": false,
		"ald_sector": "Aviation",
		"technology": "Freight",
		"plan_carsten": 0.0041,
		"sector_sum": 0.0046,
		"sector_prcnt": 0.9075,
		"cumsum": 0,
		"sector_cumprcnt": 0,
		"green": false,
		"green_sum": 0.0046,
		"green_prcnt": 1,
		"asset_class_translation": "Listed Equity",
		"equity_market_translation": "Global Market",
		"ald_sector_translation": "Aviation",
		"technology_translation": "Freight",
		"portfolio_name_translation": "iShares MSCI World ETF"
	},
	{
		"asset_class": "Listed Equity",
		"equity_market": "Global Market",
		"portfolio_name": "iShares MSCI World ETF",
		"this_portfolio": false,
		"ald_sector": "Aviation",
		"technology": "Passenger",
		"plan_carsten": 0.0004,
		"sector_sum": 0.0046,
		"sector_prcnt": 0.0925,
		"cumsum": 0.0041,
		"sector_cumprcnt": 0.9075,
		"green": false,
		"green_sum": 0.0046,
		"green_prcnt": 1,
		"asset_class_translation": "Listed Equity",
		"equity_market_translation": "Global Market",
		"ald_sector_translation": "Aviation",
		"technology_translation": "Passenger",
		"portfolio_name_translation": "iShares MSCI World ETF"
	}
]
