[
	{
		"asset_type": "Corporate Bonds",
		"percentage_value_invested": 0.1679,
		"sector": "Power",
		"perc_asset_val_sector": 0.0812
	},
	{
		"asset_type": "Listed Equity",
		"percentage_value_invested": 0.784,
		"sector": "Power",
		"perc_asset_val_sector": 0.1661
	},
	{
		"asset_type": "Corporate Bonds",
		"percentage_value_invested": 0.1679,
		"sector": "Automotive",
		"perc_asset_val_sector": 0
	},
	{
		"asset_type": "Listed Equity",
		"percentage_value_invested": 0.784,
		"sector": "Automotive",
		"perc_asset_val_sector": 0.3094
	},
	{
		"asset_type": "Corporate Bonds",
		"percentage_value_invested": 0.1679,
		"sector": "Oil&Gas",
		"perc_asset_val_sector": 0.2697
	},
	{
		"asset_type": "Listed Equity",
		"percentage_value_invested": 0.784,
		"sector": "Oil&Gas",
		"perc_asset_val_sector": 0.1457
	},
	{
		"asset_type": "Corporate Bonds",
		"percentage_value_invested": 0.1679,
		"sector": "Coal",
		"perc_asset_val_sector": 0
	},
	{
		"asset_type": "Listed Equity",
		"percentage_value_invested": 0.784,
		"sector": "Coal",
		"perc_asset_val_sector": 0.0616
	},
	{
		"asset_type": "Corporate Bonds",
		"percentage_value_invested": 0.1679,
		"sector": "Steel",
		"perc_asset_val_sector": 0.3992
	},
	{
		"asset_type": "Listed Equity",
		"percentage_value_invested": 0.784,
		"sector": "Steel",
		"perc_asset_val_sector": 0.073
	},
	{
		"asset_type": "Corporate Bonds",
		"percentage_value_invested": 0.1679,
		"sector": "Aviation",
		"perc_asset_val_sector": 0
	},
	{
		"asset_type": "Listed Equity",
		"percentage_value_invested": 0.784,
		"sector": "Aviation",
		"perc_asset_val_sector": 0.0143
	},
	{
		"asset_type": "Corporate Bonds",
		"percentage_value_invested": 0.1679,
		"sector": "Cement",
		"perc_asset_val_sector": 0
	},
	{
		"asset_type": "Listed Equity",
		"percentage_value_invested": 0.784,
		"sector": "Cement",
		"perc_asset_val_sector": 0.0414
	}
]
