[
	{
		"Asset Class": "Corporate Bonds",
		"Portfolio value invested (M USD)": 10088515,
		"Portfolio value invested (%)": 0.1679,
		"Included in the analysis": "Yes",
		"Value breakout per means of investment": 10088515,
		"_": "Direct"
	},
	{
		"Asset Class": "Listed Equity",
		"Portfolio value invested (M USD)": 47117176.9552,
		"Portfolio value invested (%)": 0.784,
		"Included in the analysis": "Yes",
		"Value breakout per means of investment": 45648798,
		"_": "Direct"
	},
	{ "Value breakout per means of investment": 1468378.9552, "_": "Via a Fund" },
	{
		"Asset Class": "Other Asset Classes",
		"Portfolio value invested (M USD)": 401322.3367,
		"Portfolio value invested (%)": 0.0067,
		"Included in the analysis": "No",
		"Value breakout per means of investment": 396033,
		"_": "Unidentified Funds"
	},
	{ "Value breakout per means of investment": 5289.3367, "_": "Via a Fund" },
	{
		"Asset Class": "Unclassified",
		"Portfolio value invested (M USD)": 2487955.7106,
		"Portfolio value invested (%)": 0.0414,
		"Included in the analysis": "No",
		"Value breakout per means of investment": 2421330,
		"_": "Direct"
	},
	{ "Value breakout per means of investment": 66625.7106, "_": "Via a Fund" },
	{
		"Asset Class": "Total",
		"Portfolio value invested (M USD)": 60094970.0025,
		"Portfolio value invested (%)": 1,
		"Value breakout per means of investment": 60094970.0025
	}
]
