[
	{ "key": "Automotive", "value": 14580129, "exploded": true, "key_translation": "Automotive" },
	{ "key": "Aviation", "value": 675003.2957, "exploded": true, "key_translation": "Aviation" },
	{ "key": "Cement", "value": 1948921.3179, "exploded": true, "key_translation": "Cement" },
	{ "key": "Coal", "value": 2901239.4599, "exploded": true, "key_translation": "Coal" },
	{ "key": "Oil&Gas", "value": 6864860.5457, "exploded": true, "key_translation": "Oil & Gas" },
	{ "key": "Power", "value": 7825171.3901, "exploded": true, "key_translation": "Power" },
	{ "key": "Steel", "value": 3440221.5057, "exploded": true, "key_translation": "Steel" },
	{ "key": "Other", "value": 8881630.4401, "exploded": false, "key_translation": "Other" }
]
