[{"id":"Eastern Motors Ltd.","ald_sector":"Automotive","technology":"Electric","plan_tech_share":0.4949,"port_weight":0.0412,"allocation":"portfolio_weight","scenario_source":"WEO2023","scenario":"APS","year":2028,"asset_class":"Listed Equity","ald_sector_translation":"Automotive","asset_class_translation":"Listed Equity","technology_translation":"LDV: Electric"},{"id":"Eastern Motors Ltd.","ald_sector":"Automotive","technology":"Electric","plan_tech_share":0.4949,"port_weight":0.0412,"allocation":"portfolio_weight","scenario_source":"WEO2023","scenario":"NZE_2050","year":2028,"asset_class":"Listed Equity","ald_sector_translation":"Automotive","asset_class_translation":"Listed Equity","technology_translation":"LDV: Electric"},{"id":"Eastern Motors Ltd.","ald_sector":"Automotive","technology":"Electric","plan_tech_share":0.4949,"port_weight":0.0412,"allocation":"portfolio_weight","scenario_source":"WEO2023","scenario":"STEPS","year":2028,"asset_class":"Listed Equity","ald_sector_translation":"Automotive","asset_class_translation":"Listed Equity","technology_translation":"LDV: Electric"},{"id":"Eastern Motors Ltd.","ald_sector":"Automotive","technology":"Electric","plan_tech_share":0.4949,"port_weight":0.0412,"allocation":"ownership_weight","scenario_source":"WEO2023","scenario":"APS","year":2028,"asset_class":"Listed Equity","ald_sector_translation":"Automotive","asset_class_translation":"Listed Equity","technology_translation":"LDV: Electric"},{"id":"Eastern Motors Ltd.","ald_sector":"Automotive","technology":"Electric","plan_tech_share":0.4949,"port_weight":0.0412,"allocation":"ownership_weight","scenario_source":"WEO2023","scenario":"NZE_2050","year":2028,"asset_class":"Listed Equity","ald_sector_translation":"Automotive","asset_class_translation":"Listed Equity","technology_translation":"LDV: Electric"},{"id":"Eastern Motors Ltd.","ald_sector":"Automotive","technology":"Electric","plan_tech_share":0.4949,"port_weight":0.0412,"allocation":"ownership_weight","scenario_source":"WEO2023","scenario":"STEPS","year":2028,"asset_class":"Listed Equity","ald_sector_translation":"Automotive","asset_class_translation":"Listed Equity","technology_translation":"LDV: Electric"},{"id":"Auto Motors Ltd.","ald_sector":"Automotive","technology":"Electric","plan_tech_share":0.1927,"port_weight":0.0399,"allocation":"portfolio_weight","scenario_source":"WEO2023","scenario":"APS","year":2028,"asset_class":"Listed Equity","ald_sector_translation":"Automotive","asset_class_translation":"Listed Equity","technology_translation":"LDV: Electric"},{"id":"Auto Motors Ltd.","ald_sector":"Automotive","technology":"Electric","plan_tech_share":0.1927,"port_weight":0.0399,"allocation":"portfolio_weight","scenario_source":"WEO2023","scenario":"NZE_2050","year":2028,"asset_class":"Listed Equity","ald_sector_translation":"Automotive","asset_class_translation":"Listed Equity","technology_translation":"LDV: Electric"},{"id":"Auto Motors Ltd.","ald_sector":"Automotive","technology":"Electric","plan_tech_share":0.1927,"port_weight":0.0399,"allocation":"portfolio_weight","scenario_source":"WEO2023","scenario":"STEPS","year":2028,"asset_class":"Listed Equity","ald_sector_translation":"Automotive","asset_class_translation":"Listed Equity","technology_translation":"LDV: Electric"},{"id":"Auto Motors Ltd.","ald_sector":"Automotive","technology":"Electric","plan_tech_share":0.1927,"port_weight":0.0399,"allocation":"ownership_weight","scenario_source":"WEO2023","scenario":"APS","year":2028,"asset_class":"Listed Equity","ald_sector_translation":"Automotive","asset_class_translation":"Listed Equity","technology_translation":"LDV: Electric"},{"id":"Auto Motors Ltd.","ald_sector":"Automotive","technology":"Electric","plan_tech_share":0.1927,"port_weight":0.0399,"allocation":"ownership_weight","scenario_source":"WEO2023","scenario":"NZE_2050","year":2028,"asset_class":"Listed Equity","ald_sector_translation":"Automotive","asset_class_translation":"Listed Equity","technology_translation":"LDV: Electric"},{"id":"Auto Motors Ltd.","ald_sector":"Automotive","technology":"Electric","plan_tech_share":0.1927,"port_weight":0.0399,"allocation":"ownership_weight","scenario_source":"WEO2023","scenario":"STEPS","year":2028,"asset_class":"Listed Equity","ald_sector_translation":"Automotive","asset_class_translation":"Listed Equity","technology_translation":"LDV: Electric"},{"id":"Motors Group Inc.","ald_sector":"Automotive","technology":"Electric","plan_tech_share":0.5346,"port_weight":0.0309,"allocation":"ownership_weight","scenario_source":"WEO2023","scenario":"APS","year":2028,"asset_class":"Listed Equity","ald_sector_translation":"Automotive","asset_class_translation":"Listed Equity","technology_translation":"LDV: Electric"},{"id":"Motors Group Inc.","ald_sector":"Automotive","technology":"Electric","plan_tech_share":0.5346,"port_weight":0.0309,"allocation":"ownership_weight","scenario_source":"WEO2023","scenario":"NZE_2050","year":2028,"asset_class":"Listed Equity","ald_sector_translation":"Automotive","asset_class_translation":"Listed Equity","technology_translation":"LDV: Electric"},{"id":"Motors Group Inc.","ald_sector":"Automotive","technology":"Electric","plan_tech_share":0.5346,"port_weight":0.0309,"allocation":"ownership_weight","scenario_source":"WEO2023","scenario":"STEPS","year":2028,"asset_class":"Listed Equity","ald_sector_translation":"Automotive","asset_class_translation":"Listed Equity","technology_translation":"LDV: Electric"},{"id":"Eastern Motors Ltd.","ald_sector":"Automotive","technology":"FuelCell","plan_tech_share":0,"port_weight":0.0412,"allocation":"portfolio_weight","scenario_source":"WEO2023","scenario":"APS","year":2028,"asset_class":"Listed Equity","ald_sector_translation":"Automotive","asset_class_translation":"Listed Equity","technology_translation":"LDV: Fuel Cell"},{"id":"Eastern Motors Ltd.","ald_sector":"Automotive","technology":"FuelCell","plan_tech_share":0,"port_weight":0.0412,"allocation":"portfolio_weight","scenario_source":"WEO2023","scenario":"NZE_2050","year":2028,"asset_class":"Listed Equity","ald_sector_translation":"Automotive","asset_class_translation":"Listed Equity","technology_translation":"LDV: Fuel Cell"},{"id":"Eastern Motors Ltd.","ald_sector":"Automotive","technology":"FuelCell","plan_tech_share":0,"port_weight":0.0412,"allocation":"portfolio_weight","scenario_source":"WEO2023","scenario":"STEPS","year":2028,"asset_class":"Listed Equity","ald_sector_translation":"Automotive","asset_class_translation":"Listed Equity","technology_translation":"LDV: Fuel Cell"},{"id":"Eastern Motors Ltd.","ald_sector":"Automotive","technology":"FuelCell","plan_tech_share":0,"port_weight":0.0412,"allocation":"ownership_weight","scenario_source":"WEO2023","scenario":"APS","year":2028,"asset_class":"Listed Equity","ald_sector_translation":"Automotive","asset_class_translation":"Listed Equity","technology_translation":"LDV: Fuel Cell"},{"id":"Eastern Motors Ltd.","ald_sector":"Automotive","technology":"FuelCell","plan_tech_share":0,"port_weight":0.0412,"allocation":"ownership_weight","scenario_source":"WEO2023","scenario":"NZE_2050","year":2028,"asset_class":"Listed Equity","ald_sector_translation":"Automotive","asset_class_translation":"Listed Equity","technology_translation":"LDV: Fuel Cell"},{"id":"Eastern Motors Ltd.","ald_sector":"Automotive","technology":"FuelCell","plan_tech_share":0,"port_weight":0.0412,"allocation":"ownership_weight","scenario_source":"WEO2023","scenario":"STEPS","year":2028,"asset_class":"Listed Equity","ald_sector_translation":"Automotive","asset_class_translation":"Listed Equity","technology_translation":"LDV: Fuel Cell"},{"id":"Auto Motors Ltd.","ald_sector":"Automotive","technology":"FuelCell","plan_tech_share":0.001,"port_weight":0.0399,"allocation":"portfolio_weight","scenario_source":"WEO2023","scenario":"APS","year":2028,"asset_class":"Listed Equity","ald_sector_translation":"Automotive","asset_class_translation":"Listed Equity","technology_translation":"LDV: Fuel Cell"},{"id":"Auto Motors Ltd.","ald_sector":"Automotive","technology":"FuelCell","plan_tech_share":0.001,"port_weight":0.0399,"allocation":"portfolio_weight","scenario_source":"WEO2023","scenario":"NZE_2050","year":2028,"asset_class":"Listed Equity","ald_sector_translation":"Automotive","asset_class_translation":"Listed Equity","technology_translation":"LDV: Fuel Cell"},{"id":"Auto Motors Ltd.","ald_sector":"Automotive","technology":"FuelCell","plan_tech_share":0.001,"port_weight":0.0399,"allocation":"portfolio_weight","scenario_source":"WEO2023","scenario":"STEPS","year":2028,"asset_class":"Listed Equity","ald_sector_translation":"Automotive","asset_class_translation":"Listed Equity","technology_translation":"LDV: Fuel Cell"},{"id":"Auto Motors Ltd.","ald_sector":"Automotive","technology":"FuelCell","plan_tech_share":0.001,"port_weight":0.0399,"allocation":"ownership_weight","scenario_source":"WEO2023","scenario":"APS","year":2028,"asset_class":"Listed Equity","ald_sector_translation":"Automotive","asset_class_translation":"Listed Equity","technology_translation":"LDV: Fuel Cell"},{"id":"Auto Motors Ltd.","ald_sector":"Automotive","technology":"FuelCell","plan_tech_share":0.001,"port_weight":0.0399,"allocation":"ownership_weight","scenario_source":"WEO2023","scenario":"NZE_2050","year":2028,"asset_class":"Listed Equity","ald_sector_translation":"Automotive","asset_class_translation":"Listed Equity","technology_translation":"LDV: Fuel Cell"},{"id":"Auto Motors Ltd.","ald_sector":"Automotive","technology":"FuelCell","plan_tech_share":0.001,"port_weight":0.0399,"allocation":"ownership_weight","scenario_source":"WEO2023","scenario":"STEPS","year":2028,"asset_class":"Listed Equity","ald_sector_translation":"Automotive","asset_class_translation":"Listed Equity","technology_translation":"LDV: Fuel Cell"},{"id":"Motors Group Inc.","ald_sector":"Automotive","technology":"FuelCell","plan_tech_share":0,"port_weight":0.0309,"allocation":"ownership_weight","scenario_source":"WEO2023","scenario":"APS","year":2028,"asset_class":"Listed Equity","ald_sector_translation":"Automotive","asset_class_translation":"Listed Equity","technology_translation":"LDV: Fuel Cell"},{"id":"Motors Group Inc.","ald_sector":"Automotive","technology":"FuelCell","plan_tech_share":0,"port_weight":0.0309,"allocation":"ownership_weight","scenario_source":"WEO2023","scenario":"NZE_2050","year":2028,"asset_class":"Listed Equity","ald_sector_translation":"Automotive","asset_class_translation":"Listed Equity","technology_translation":"LDV: Fuel Cell"},{"id":"Motors Group Inc.","ald_sector":"Automotive","technology":"FuelCell","plan_tech_share":0,"port_weight":0.0309,"allocation":"ownership_weight","scenario_source":"WEO2023","scenario":"STEPS","year":2028,"asset_class":"Listed Equity","ald_sector_translation":"Automotive","asset_class_translation":"Listed Equity","technology_translation":"LDV: Fuel Cell"},{"id":"Eastern Motors Ltd.","ald_sector":"Automotive","technology":"Hybrid","plan_tech_share":0.1417,"port_weight":0.0412,"allocation":"portfolio_weight","scenario_source":"WEO2023","scenario":"APS","year":2028,"asset_class":"Listed Equity","ald_sector_translation":"Automotive","asset_class_translation":"Listed Equity","technology_translation":"LDV: Hybrid"},{"id":"Eastern Motors Ltd.","ald_sector":"Automotive","technology":"Hybrid","plan_tech_share":0.1417,"port_weight":0.0412,"allocation":"portfolio_weight","scenario_source":"WEO2023","scenario":"NZE_2050","year":2028,"asset_class":"Listed Equity","ald_sector_translation":"Automotive","asset_class_translation":"Listed Equity","technology_translation":"LDV: Hybrid"},{"id":"Eastern Motors Ltd.","ald_sector":"Automotive","technology":"Hybrid","plan_tech_share":0.1417,"port_weight":0.0412,"allocation":"portfolio_weight","scenario_source":"WEO2023","scenario":"STEPS","year":2028,"asset_class":"Listed Equity","ald_sector_translation":"Automotive","asset_class_translation":"Listed Equity","technology_translation":"LDV: Hybrid"},{"id":"Eastern Motors Ltd.","ald_sector":"Automotive","technology":"Hybrid","plan_tech_share":0.1417,"port_weight":0.0412,"allocation":"ownership_weight","scenario_source":"WEO2023","scenario":"APS","year":2028,"asset_class":"Listed Equity","ald_sector_translation":"Automotive","asset_class_translation":"Listed Equity","technology_translation":"LDV: Hybrid"},{"id":"Eastern Motors Ltd.","ald_sector":"Automotive","technology":"Hybrid","plan_tech_share":0.1417,"port_weight":0.0412,"allocation":"ownership_weight","scenario_source":"WEO2023","scenario":"NZE_2050","year":2028,"asset_class":"Listed Equity","ald_sector_translation":"Automotive","asset_class_translation":"Listed Equity","technology_translation":"LDV: Hybrid"},{"id":"Eastern Motors Ltd.","ald_sector":"Automotive","technology":"Hybrid","plan_tech_share":0.1417,"port_weight":0.0412,"allocation":"ownership_weight","scenario_source":"WEO2023","scenario":"STEPS","year":2028,"asset_class":"Listed Equity","ald_sector_translation":"Automotive","asset_class_translation":"Listed Equity","technology_translation":"LDV: Hybrid"},{"id":"Auto Motors Ltd.","ald_sector":"Automotive","technology":"Hybrid","plan_tech_share":0.0107,"port_weight":0.0399,"allocation":"portfolio_weight","scenario_source":"WEO2023","scenario":"APS","year":2028,"asset_class":"Listed Equity","ald_sector_translation":"Automotive","asset_class_translation":"Listed Equity","technology_translation":"LDV: Hybrid"},{"id":"Auto Motors Ltd.","ald_sector":"Automotive","technology":"Hybrid","plan_tech_share":0.0107,"port_weight":0.0399,"allocation":"portfolio_weight","scenario_source":"WEO2023","scenario":"NZE_2050","year":2028,"asset_class":"Listed Equity","ald_sector_translation":"Automotive","asset_class_translation":"Listed Equity","technology_translation":"LDV: Hybrid"},{"id":"Auto Motors Ltd.","ald_sector":"Automotive","technology":"Hybrid","plan_tech_share":0.0107,"port_weight":0.0399,"allocation":"portfolio_weight","scenario_source":"WEO2023","scenario":"STEPS","year":2028,"asset_class":"Listed Equity","ald_sector_translation":"Automotive","asset_class_translation":"Listed Equity","technology_translation":"LDV: Hybrid"},{"id":"Auto Motors Ltd.","ald_sector":"Automotive","technology":"Hybrid","plan_tech_share":0.0107,"port_weight":0.0399,"allocation":"ownership_weight","scenario_source":"WEO2023","scenario":"APS","year":2028,"asset_class":"Listed Equity","ald_sector_translation":"Automotive","asset_class_translation":"Listed Equity","technology_translation":"LDV: Hybrid"},{"id":"Auto Motors Ltd.","ald_sector":"Automotive","technology":"Hybrid","plan_tech_share":0.0107,"port_weight":0.0399,"allocation":"ownership_weight","scenario_source":"WEO2023","scenario":"NZE_2050","year":2028,"asset_class":"Listed Equity","ald_sector_translation":"Automotive","asset_class_translation":"Listed Equity","technology_translation":"LDV: Hybrid"},{"id":"Auto Motors Ltd.","ald_sector":"Automotive","technology":"Hybrid","plan_tech_share":0.0107,"port_weight":0.0399,"allocation":"ownership_weight","scenario_source":"WEO2023","scenario":"STEPS","year":2028,"asset_class":"Listed Equity","ald_sector_translation":"Automotive","asset_class_translation":"Listed Equity","technology_translation":"LDV: Hybrid"},{"id":"Motors Group Inc.","ald_sector":"Automotive","technology":"Hybrid","plan_tech_share":0,"port_weight":0.0309,"allocation":"ownership_weight","scenario_source":"WEO2023","scenario":"APS","year":2028,"asset_class":"Listed Equity","ald_sector_translation":"Automotive","asset_class_translation":"Listed Equity","technology_translation":"LDV: Hybrid"},{"id":"Motors Group Inc.","ald_sector":"Automotive","technology":"Hybrid","plan_tech_share":0,"port_weight":0.0309,"allocation":"ownership_weight","scenario_source":"WEO2023","scenario":"NZE_2050","year":2028,"asset_class":"Listed Equity","ald_sector_translation":"Automotive","asset_class_translation":"Listed Equity","technology_translation":"LDV: Hybrid"},{"id":"Motors Group Inc.","ald_sector":"Automotive","technology":"Hybrid","plan_tech_share":0,"port_weight":0.0309,"allocation":"ownership_weight","scenario_source":"WEO2023","scenario":"STEPS","year":2028,"asset_class":"Listed Equity","ald_sector_translation":"Automotive","asset_class_translation":"Listed Equity","technology_translation":"LDV: Hybrid"},{"id":"Eastern Motors Ltd.","ald_sector":"Automotive","technology":"ICE","plan_tech_share":0.3634,"port_weight":0.0412,"allocation":"portfolio_weight","scenario_source":"WEO2023","scenario":"APS","year":2028,"asset_class":"Listed Equity","ald_sector_translation":"Automotive","asset_class_translation":"Listed Equity","technology_translation":"LDV: ICE"},{"id":"Eastern Motors Ltd.","ald_sector":"Automotive","technology":"ICE","plan_tech_share":0.3634,"port_weight":0.0412,"allocation":"portfolio_weight","scenario_source":"WEO2023","scenario":"NZE_2050","year":2028,"asset_class":"Listed Equity","ald_sector_translation":"Automotive","asset_class_translation":"Listed Equity","technology_translation":"LDV: ICE"},{"id":"Eastern Motors Ltd.","ald_sector":"Automotive","technology":"ICE","plan_tech_share":0.3634,"port_weight":0.0412,"allocation":"portfolio_weight","scenario_source":"WEO2023","scenario":"STEPS","year":2028,"asset_class":"Listed Equity","ald_sector_translation":"Automotive","asset_class_translation":"Listed Equity","technology_translation":"LDV: ICE"},{"id":"Eastern Motors Ltd.","ald_sector":"Automotive","technology":"ICE","plan_tech_share":0.3634,"port_weight":0.0412,"allocation":"ownership_weight","scenario_source":"WEO2023","scenario":"APS","year":2028,"asset_class":"Listed Equity","ald_sector_translation":"Automotive","asset_class_translation":"Listed Equity","technology_translation":"LDV: ICE"},{"id":"Eastern Motors Ltd.","ald_sector":"Automotive","technology":"ICE","plan_tech_share":0.3634,"port_weight":0.0412,"allocation":"ownership_weight","scenario_source":"WEO2023","scenario":"NZE_2050","year":2028,"asset_class":"Listed Equity","ald_sector_translation":"Automotive","asset_class_translation":"Listed Equity","technology_translation":"LDV: ICE"},{"id":"Eastern Motors Ltd.","ald_sector":"Automotive","technology":"ICE","plan_tech_share":0.3634,"port_weight":0.0412,"allocation":"ownership_weight","scenario_source":"WEO2023","scenario":"STEPS","year":2028,"asset_class":"Listed Equity","ald_sector_translation":"Automotive","asset_class_translation":"Listed Equity","technology_translation":"LDV: ICE"},{"id":"Auto Motors Ltd.","ald_sector":"Automotive","technology":"ICE","plan_tech_share":0.7956,"port_weight":0.0399,"allocation":"portfolio_weight","scenario_source":"WEO2023","scenario":"APS","year":2028,"asset_class":"Listed Equity","ald_sector_translation":"Automotive","asset_class_translation":"Listed Equity","technology_translation":"LDV: ICE"},{"id":"Auto Motors Ltd.","ald_sector":"Automotive","technology":"ICE","plan_tech_share":0.7956,"port_weight":0.0399,"allocation":"portfolio_weight","scenario_source":"WEO2023","scenario":"NZE_2050","year":2028,"asset_class":"Listed Equity","ald_sector_translation":"Automotive","asset_class_translation":"Listed Equity","technology_translation":"LDV: ICE"},{"id":"Auto Motors Ltd.","ald_sector":"Automotive","technology":"ICE","plan_tech_share":0.7956,"port_weight":0.0399,"allocation":"portfolio_weight","scenario_source":"WEO2023","scenario":"STEPS","year":2028,"asset_class":"Listed Equity","ald_sector_translation":"Automotive","asset_class_translation":"Listed Equity","technology_translation":"LDV: ICE"},{"id":"Auto Motors Ltd.","ald_sector":"Automotive","technology":"ICE","plan_tech_share":0.7956,"port_weight":0.0399,"allocation":"ownership_weight","scenario_source":"WEO2023","scenario":"APS","year":2028,"asset_class":"Listed Equity","ald_sector_translation":"Automotive","asset_class_translation":"Listed Equity","technology_translation":"LDV: ICE"},{"id":"Auto Motors Ltd.","ald_sector":"Automotive","technology":"ICE","plan_tech_share":0.7956,"port_weight":0.0399,"allocation":"ownership_weight","scenario_source":"WEO2023","scenario":"NZE_2050","year":2028,"asset_class":"Listed Equity","ald_sector_translation":"Automotive","asset_class_translation":"Listed Equity","technology_translation":"LDV: ICE"},{"id":"Auto Motors Ltd.","ald_sector":"Automotive","technology":"ICE","plan_tech_share":0.7956,"port_weight":0.0399,"allocation":"ownership_weight","scenario_source":"WEO2023","scenario":"STEPS","year":2028,"asset_class":"Listed Equity","ald_sector_translation":"Automotive","asset_class_translation":"Listed Equity","technology_translation":"LDV: ICE"},{"id":"Motors Group Inc.","ald_sector":"Automotive","technology":"ICE","plan_tech_share":0.4654,"port_weight":0.0309,"allocation":"ownership_weight","scenario_source":"WEO2023","scenario":"APS","year":2028,"asset_class":"Listed Equity","ald_sector_translation":"Automotive","asset_class_translation":"Listed Equity","technology_translation":"LDV: ICE"},{"id":"Motors Group Inc.","ald_sector":"Automotive","technology":"ICE","plan_tech_share":0.4654,"port_weight":0.0309,"allocation":"ownership_weight","scenario_source":"WEO2023","scenario":"NZE_2050","year":2028,"asset_class":"Listed Equity","ald_sector_translation":"Automotive","asset_class_translation":"Listed Equity","technology_translation":"LDV: ICE"},{"id":"Motors Group Inc.","ald_sector":"Automotive","technology":"ICE","plan_tech_share":0.4654,"port_weight":0.0309,"allocation":"ownership_weight","scenario_source":"WEO2023","scenario":"STEPS","year":2028,"asset_class":"Listed Equity","ald_sector_translation":"Automotive","asset_class_translation":"Listed Equity","technology_translation":"LDV: ICE"},{"id":"Auto Motors Ltd.","ald_sector":"Power","technology":"CoalCap","plan_tech_share":0,"port_weight":0.0399,"allocation":"ownership_weight","scenario_source":"GECO2023","scenario":"1.5C","year":2028,"asset_class":"Listed Equity","ald_sector_translation":"Power","asset_class_translation":"Listed Equity","technology_translation":"Coal Power"},{"id":"Auto Motors Ltd.","ald_sector":"Power","technology":"CoalCap","plan_tech_share":0,"port_weight":0.0399,"allocation":"ownership_weight","scenario_source":"GECO2023","scenario":"NDC-LTS","year":2028,"asset_class":"Listed Equity","ald_sector_translation":"Power","asset_class_translation":"Listed Equity","technology_translation":"Coal Power"},{"id":"Auto Motors Ltd.","ald_sector":"Power","technology":"CoalCap","plan_tech_share":0,"port_weight":0.0399,"allocation":"ownership_weight","scenario_source":"GECO2023","scenario":"Reference","year":2028,"asset_class":"Listed Equity","ald_sector_translation":"Power","asset_class_translation":"Listed Equity","technology_translation":"Coal Power"},{"id":"Auto Motors Ltd.","ald_sector":"Power","technology":"CoalCap","plan_tech_share":0,"port_weight":0.0399,"allocation":"ownership_weight","scenario_source":"ISF2023","scenario":"1.5°C","year":2028,"asset_class":"Listed Equity","ald_sector_translation":"Power","asset_class_translation":"Listed Equity","technology_translation":"Coal Power"},{"id":"Auto Motors Ltd.","ald_sector":"Power","technology":"CoalCap","plan_tech_share":0,"port_weight":0.0399,"allocation":"ownership_weight","scenario_source":"WEO2023","scenario":"APS","year":2028,"asset_class":"Listed Equity","ald_sector_translation":"Power","asset_class_translation":"Listed Equity","technology_translation":"Coal Power"},{"id":"Auto Motors Ltd.","ald_sector":"Power","technology":"CoalCap","plan_tech_share":0,"port_weight":0.0399,"allocation":"ownership_weight","scenario_source":"WEO2023","scenario":"NZE_2050","year":2028,"asset_class":"Listed Equity","ald_sector_translation":"Power","asset_class_translation":"Listed Equity","technology_translation":"Coal Power"},{"id":"Auto Motors Ltd.","ald_sector":"Power","technology":"CoalCap","plan_tech_share":0,"port_weight":0.0399,"allocation":"ownership_weight","scenario_source":"WEO2023","scenario":"STEPS","year":2028,"asset_class":"Listed Equity","ald_sector_translation":"Power","asset_class_translation":"Listed Equity","technology_translation":"Coal Power"},{"id":"Power Distribution Inc.","ald_sector":"Power","technology":"CoalCap","plan_tech_share":0,"port_weight":0.0396,"allocation":"portfolio_weight","scenario_source":"GECO2023","scenario":"1.5C","year":2028,"asset_class":"Listed Equity","ald_sector_translation":"Power","asset_class_translation":"Listed Equity","technology_translation":"Coal Power"},{"id":"Power Distribution Inc.","ald_sector":"Power","technology":"CoalCap","plan_tech_share":0,"port_weight":0.0396,"allocation":"portfolio_weight","scenario_source":"GECO2023","scenario":"NDC-LTS","year":2028,"asset_class":"Listed Equity","ald_sector_translation":"Power","asset_class_translation":"Listed Equity","technology_translation":"Coal Power"},{"id":"Power Distribution Inc.","ald_sector":"Power","technology":"CoalCap","plan_tech_share":0,"port_weight":0.0396,"allocation":"portfolio_weight","scenario_source":"GECO2023","scenario":"Reference","year":2028,"asset_class":"Listed Equity","ald_sector_translation":"Power","asset_class_translation":"Listed Equity","technology_translation":"Coal Power"},{"id":"Power Distribution Inc.","ald_sector":"Power","technology":"CoalCap","plan_tech_share":0,"port_weight":0.0396,"allocation":"portfolio_weight","scenario_source":"ISF2023","scenario":"1.5°C","year":2028,"asset_class":"Listed Equity","ald_sector_translation":"Power","asset_class_translation":"Listed Equity","technology_translation":"Coal Power"},{"id":"Power Distribution Inc.","ald_sector":"Power","technology":"CoalCap","plan_tech_share":0,"port_weight":0.0396,"allocation":"portfolio_weight","scenario_source":"WEO2023","scenario":"APS","year":2028,"asset_class":"Listed Equity","ald_sector_translation":"Power","asset_class_translation":"Listed Equity","technology_translation":"Coal Power"},{"id":"Power Distribution Inc.","ald_sector":"Power","technology":"CoalCap","plan_tech_share":0,"port_weight":0.0396,"allocation":"portfolio_weight","scenario_source":"WEO2023","scenario":"NZE_2050","year":2028,"asset_class":"Listed Equity","ald_sector_translation":"Power","asset_class_translation":"Listed Equity","technology_translation":"Coal Power"},{"id":"Power Distribution Inc.","ald_sector":"Power","technology":"CoalCap","plan_tech_share":0,"port_weight":0.0396,"allocation":"portfolio_weight","scenario_source":"WEO2023","scenario":"STEPS","year":2028,"asset_class":"Listed Equity","ald_sector_translation":"Power","asset_class_translation":"Listed Equity","technology_translation":"Coal Power"},{"id":"Power Distribution Inc.","ald_sector":"Power","technology":"CoalCap","plan_tech_share":0,"port_weight":0.0396,"allocation":"ownership_weight","scenario_source":"GECO2023","scenario":"1.5C","year":2028,"asset_class":"Listed Equity","ald_sector_translation":"Power","asset_class_translation":"Listed Equity","technology_translation":"Coal Power"},{"id":"Auto Motors Ltd.","ald_sector":"Power","technology":"GasCap","plan_tech_share":0.4779,"port_weight":0.0399,"allocation":"ownership_weight","scenario_source":"GECO2023","scenario":"1.5C","year":2028,"asset_class":"Listed Equity","ald_sector_translation":"Power","asset_class_translation":"Listed Equity","technology_translation":"Gas Power"},{"id":"Auto Motors Ltd.","ald_sector":"Power","technology":"GasCap","plan_tech_share":0.4779,"port_weight":0.0399,"allocation":"ownership_weight","scenario_source":"GECO2023","scenario":"NDC-LTS","year":2028,"asset_class":"Listed Equity","ald_sector_translation":"Power","asset_class_translation":"Listed Equity","technology_translation":"Gas Power"},{"id":"Auto Motors Ltd.","ald_sector":"Power","technology":"GasCap","plan_tech_share":0.4779,"port_weight":0.0399,"allocation":"ownership_weight","scenario_source":"GECO2023","scenario":"Reference","year":2028,"asset_class":"Listed Equity","ald_sector_translation":"Power","asset_class_translation":"Listed Equity","technology_translation":"Gas Power"},{"id":"Auto Motors Ltd.","ald_sector":"Power","technology":"GasCap","plan_tech_share":0.4779,"port_weight":0.0399,"allocation":"ownership_weight","scenario_source":"ISF2023","scenario":"1.5°C","year":2028,"asset_class":"Listed Equity","ald_sector_translation":"Power","asset_class_translation":"Listed Equity","technology_translation":"Gas Power"},{"id":"Auto Motors Ltd.","ald_sector":"Power","technology":"GasCap","plan_tech_share":0.4779,"port_weight":0.0399,"allocation":"ownership_weight","scenario_source":"WEO2023","scenario":"APS","year":2028,"asset_class":"Listed Equity","ald_sector_translation":"Power","asset_class_translation":"Listed Equity","technology_translation":"Gas Power"},{"id":"Auto Motors Ltd.","ald_sector":"Power","technology":"GasCap","plan_tech_share":0.4779,"port_weight":0.0399,"allocation":"ownership_weight","scenario_source":"WEO2023","scenario":"NZE_2050","year":2028,"asset_class":"Listed Equity","ald_sector_translation":"Power","asset_class_translation":"Listed Equity","technology_translation":"Gas Power"},{"id":"Auto Motors Ltd.","ald_sector":"Power","technology":"GasCap","plan_tech_share":0.4779,"port_weight":0.0399,"allocation":"ownership_weight","scenario_source":"WEO2023","scenario":"STEPS","year":2028,"asset_class":"Listed Equity","ald_sector_translation":"Power","asset_class_translation":"Listed Equity","technology_translation":"Gas Power"},{"id":"Power Distribution Inc.","ald_sector":"Power","technology":"GasCap","plan_tech_share":0,"port_weight":0.0396,"allocation":"portfolio_weight","scenario_source":"GECO2023","scenario":"1.5C","year":2028,"asset_class":"Listed Equity","ald_sector_translation":"Power","asset_class_translation":"Listed Equity","technology_translation":"Gas Power"},{"id":"Power Distribution Inc.","ald_sector":"Power","technology":"GasCap","plan_tech_share":0,"port_weight":0.0396,"allocation":"portfolio_weight","scenario_source":"GECO2023","scenario":"NDC-LTS","year":2028,"asset_class":"Listed Equity","ald_sector_translation":"Power","asset_class_translation":"Listed Equity","technology_translation":"Gas Power"},{"id":"Power Distribution Inc.","ald_sector":"Power","technology":"GasCap","plan_tech_share":0,"port_weight":0.0396,"allocation":"portfolio_weight","scenario_source":"GECO2023","scenario":"Reference","year":2028,"asset_class":"Listed Equity","ald_sector_translation":"Power","asset_class_translation":"Listed Equity","technology_translation":"Gas Power"},{"id":"Power Distribution Inc.","ald_sector":"Power","technology":"GasCap","plan_tech_share":0,"port_weight":0.0396,"allocation":"portfolio_weight","scenario_source":"ISF2023","scenario":"1.5°C","year":2028,"asset_class":"Listed Equity","ald_sector_translation":"Power","asset_class_translation":"Listed Equity","technology_translation":"Gas Power"},{"id":"Power Distribution Inc.","ald_sector":"Power","technology":"GasCap","plan_tech_share":0,"port_weight":0.0396,"allocation":"portfolio_weight","scenario_source":"WEO2023","scenario":"APS","year":2028,"asset_class":"Listed Equity","ald_sector_translation":"Power","asset_class_translation":"Listed Equity","technology_translation":"Gas Power"},{"id":"Power Distribution Inc.","ald_sector":"Power","technology":"GasCap","plan_tech_share":0,"port_weight":0.0396,"allocation":"portfolio_weight","scenario_source":"WEO2023","scenario":"NZE_2050","year":2028,"asset_class":"Listed Equity","ald_sector_translation":"Power","asset_class_translation":"Listed Equity","technology_translation":"Gas Power"},{"id":"Power Distribution Inc.","ald_sector":"Power","technology":"GasCap","plan_tech_share":0,"port_weight":0.0396,"allocation":"portfolio_weight","scenario_source":"WEO2023","scenario":"STEPS","year":2028,"asset_class":"Listed Equity","ald_sector_translation":"Power","asset_class_translation":"Listed Equity","technology_translation":"Gas Power"},{"id":"Power Distribution Inc.","ald_sector":"Power","technology":"GasCap","plan_tech_share":0,"port_weight":0.0396,"allocation":"ownership_weight","scenario_source":"GECO2023","scenario":"1.5C","year":2028,"asset_class":"Listed Equity","ald_sector_translation":"Power","asset_class_translation":"Listed Equity","technology_translation":"Gas Power"},{"id":"Auto Motors Ltd.","ald_sector":"Power","technology":"HydroCap","plan_tech_share":0,"port_weight":0.0399,"allocation":"ownership_weight","scenario_source":"GECO2023","scenario":"1.5C","year":2028,"asset_class":"Listed Equity","ald_sector_translation":"Power","asset_class_translation":"Listed Equity","technology_translation":"Hydropower"},{"id":"Auto Motors Ltd.","ald_sector":"Power","technology":"HydroCap","plan_tech_share":0,"port_weight":0.0399,"allocation":"ownership_weight","scenario_source":"GECO2023","scenario":"NDC-LTS","year":2028,"asset_class":"Listed Equity","ald_sector_translation":"Power","asset_class_translation":"Listed Equity","technology_translation":"Hydropower"},{"id":"Auto Motors Ltd.","ald_sector":"Power","technology":"HydroCap","plan_tech_share":0,"port_weight":0.0399,"allocation":"ownership_weight","scenario_source":"GECO2023","scenario":"Reference","year":2028,"asset_class":"Listed Equity","ald_sector_translation":"Power","asset_class_translation":"Listed Equity","technology_translation":"Hydropower"},{"id":"Auto Motors Ltd.","ald_sector":"Power","technology":"HydroCap","plan_tech_share":0,"port_weight":0.0399,"allocation":"ownership_weight","scenario_source":"ISF2023","scenario":"1.5°C","year":2028,"asset_class":"Listed Equity","ald_sector_translation":"Power","asset_class_translation":"Listed Equity","technology_translation":"Hydropower"},{"id":"Auto Motors Ltd.","ald_sector":"Power","technology":"HydroCap","plan_tech_share":0,"port_weight":0.0399,"allocation":"ownership_weight","scenario_source":"WEO2023","scenario":"APS","year":2028,"asset_class":"Listed Equity","ald_sector_translation":"Power","asset_class_translation":"Listed Equity","technology_translation":"Hydropower"},{"id":"Auto Motors Ltd.","ald_sector":"Power","technology":"HydroCap","plan_tech_share":0,"port_weight":0.0399,"allocation":"ownership_weight","scenario_source":"WEO2023","scenario":"NZE_2050","year":2028,"asset_class":"Listed Equity","ald_sector_translation":"Power","asset_class_translation":"Listed Equity","technology_translation":"Hydropower"},{"id":"Auto Motors Ltd.","ald_sector":"Power","technology":"HydroCap","plan_tech_share":0,"port_weight":0.0399,"allocation":"ownership_weight","scenario_source":"WEO2023","scenario":"STEPS","year":2028,"asset_class":"Listed Equity","ald_sector_translation":"Power","asset_class_translation":"Listed Equity","technology_translation":"Hydropower"},{"id":"Power Distribution Inc.","ald_sector":"Power","technology":"HydroCap","plan_tech_share":0,"port_weight":0.0396,"allocation":"portfolio_weight","scenario_source":"GECO2023","scenario":"1.5C","year":2028,"asset_class":"Listed Equity","ald_sector_translation":"Power","asset_class_translation":"Listed Equity","technology_translation":"Hydropower"},{"id":"Power Distribution Inc.","ald_sector":"Power","technology":"HydroCap","plan_tech_share":0,"port_weight":0.0396,"allocation":"portfolio_weight","scenario_source":"GECO2023","scenario":"NDC-LTS","year":2028,"asset_class":"Listed Equity","ald_sector_translation":"Power","asset_class_translation":"Listed Equity","technology_translation":"Hydropower"},{"id":"Power Distribution Inc.","ald_sector":"Power","technology":"HydroCap","plan_tech_share":0,"port_weight":0.0396,"allocation":"portfolio_weight","scenario_source":"GECO2023","scenario":"Reference","year":2028,"asset_class":"Listed Equity","ald_sector_translation":"Power","asset_class_translation":"Listed Equity","technology_translation":"Hydropower"},{"id":"Power Distribution Inc.","ald_sector":"Power","technology":"HydroCap","plan_tech_share":0,"port_weight":0.0396,"allocation":"portfolio_weight","scenario_source":"ISF2023","scenario":"1.5°C","year":2028,"asset_class":"Listed Equity","ald_sector_translation":"Power","asset_class_translation":"Listed Equity","technology_translation":"Hydropower"},{"id":"Power Distribution Inc.","ald_sector":"Power","technology":"HydroCap","plan_tech_share":0,"port_weight":0.0396,"allocation":"portfolio_weight","scenario_source":"WEO2023","scenario":"APS","year":2028,"asset_class":"Listed Equity","ald_sector_translation":"Power","asset_class_translation":"Listed Equity","technology_translation":"Hydropower"},{"id":"Power Distribution Inc.","ald_sector":"Power","technology":"HydroCap","plan_tech_share":0,"port_weight":0.0396,"allocation":"portfolio_weight","scenario_source":"WEO2023","scenario":"NZE_2050","year":2028,"asset_class":"Listed Equity","ald_sector_translation":"Power","asset_class_translation":"Listed Equity","technology_translation":"Hydropower"},{"id":"Power Distribution Inc.","ald_sector":"Power","technology":"HydroCap","plan_tech_share":0,"port_weight":0.0396,"allocation":"portfolio_weight","scenario_source":"WEO2023","scenario":"STEPS","year":2028,"asset_class":"Listed Equity","ald_sector_translation":"Power","asset_class_translation":"Listed Equity","technology_translation":"Hydropower"},{"id":"Power Distribution Inc.","ald_sector":"Power","technology":"HydroCap","plan_tech_share":0,"port_weight":0.0396,"allocation":"ownership_weight","scenario_source":"GECO2023","scenario":"1.5C","year":2028,"asset_class":"Listed Equity","ald_sector_translation":"Power","asset_class_translation":"Listed Equity","technology_translation":"Hydropower"},{"id":"Auto Motors Ltd.","ald_sector":"Power","technology":"NuclearCap","plan_tech_share":0,"port_weight":0.0399,"allocation":"ownership_weight","scenario_source":"GECO2023","scenario":"1.5C","year":2028,"asset_class":"Listed Equity","ald_sector_translation":"Power","asset_class_translation":"Listed Equity","technology_translation":"Nuclear Power"},{"id":"Auto Motors Ltd.","ald_sector":"Power","technology":"NuclearCap","plan_tech_share":0,"port_weight":0.0399,"allocation":"ownership_weight","scenario_source":"GECO2023","scenario":"NDC-LTS","year":2028,"asset_class":"Listed Equity","ald_sector_translation":"Power","asset_class_translation":"Listed Equity","technology_translation":"Nuclear Power"},{"id":"Auto Motors Ltd.","ald_sector":"Power","technology":"NuclearCap","plan_tech_share":0,"port_weight":0.0399,"allocation":"ownership_weight","scenario_source":"GECO2023","scenario":"Reference","year":2028,"asset_class":"Listed Equity","ald_sector_translation":"Power","asset_class_translation":"Listed Equity","technology_translation":"Nuclear Power"},{"id":"Auto Motors Ltd.","ald_sector":"Power","technology":"NuclearCap","plan_tech_share":0,"port_weight":0.0399,"allocation":"ownership_weight","scenario_source":"ISF2023","scenario":"1.5°C","year":2028,"asset_class":"Listed Equity","ald_sector_translation":"Power","asset_class_translation":"Listed Equity","technology_translation":"Nuclear Power"},{"id":"Auto Motors Ltd.","ald_sector":"Power","technology":"NuclearCap","plan_tech_share":0,"port_weight":0.0399,"allocation":"ownership_weight","scenario_source":"WEO2023","scenario":"APS","year":2028,"asset_class":"Listed Equity","ald_sector_translation":"Power","asset_class_translation":"Listed Equity","technology_translation":"Nuclear Power"},{"id":"Auto Motors Ltd.","ald_sector":"Power","technology":"NuclearCap","plan_tech_share":0,"port_weight":0.0399,"allocation":"ownership_weight","scenario_source":"WEO2023","scenario":"NZE_2050","year":2028,"asset_class":"Listed Equity","ald_sector_translation":"Power","asset_class_translation":"Listed Equity","technology_translation":"Nuclear Power"},{"id":"Auto Motors Ltd.","ald_sector":"Power","technology":"NuclearCap","plan_tech_share":0,"port_weight":0.0399,"allocation":"ownership_weight","scenario_source":"WEO2023","scenario":"STEPS","year":2028,"asset_class":"Listed Equity","ald_sector_translation":"Power","asset_class_translation":"Listed Equity","technology_translation":"Nuclear Power"},{"id":"Power Distribution Inc.","ald_sector":"Power","technology":"NuclearCap","plan_tech_share":0,"port_weight":0.0396,"allocation":"portfolio_weight","scenario_source":"GECO2023","scenario":"1.5C","year":2028,"asset_class":"Listed Equity","ald_sector_translation":"Power","asset_class_translation":"Listed Equity","technology_translation":"Nuclear Power"},{"id":"Power Distribution Inc.","ald_sector":"Power","technology":"NuclearCap","plan_tech_share":0,"port_weight":0.0396,"allocation":"portfolio_weight","scenario_source":"GECO2023","scenario":"NDC-LTS","year":2028,"asset_class":"Listed Equity","ald_sector_translation":"Power","asset_class_translation":"Listed Equity","technology_translation":"Nuclear Power"},{"id":"Power Distribution Inc.","ald_sector":"Power","technology":"NuclearCap","plan_tech_share":0,"port_weight":0.0396,"allocation":"portfolio_weight","scenario_source":"GECO2023","scenario":"Reference","year":2028,"asset_class":"Listed Equity","ald_sector_translation":"Power","asset_class_translation":"Listed Equity","technology_translation":"Nuclear Power"},{"id":"Power Distribution Inc.","ald_sector":"Power","technology":"NuclearCap","plan_tech_share":0,"port_weight":0.0396,"allocation":"portfolio_weight","scenario_source":"ISF2023","scenario":"1.5°C","year":2028,"asset_class":"Listed Equity","ald_sector_translation":"Power","asset_class_translation":"Listed Equity","technology_translation":"Nuclear Power"},{"id":"Power Distribution Inc.","ald_sector":"Power","technology":"NuclearCap","plan_tech_share":0,"port_weight":0.0396,"allocation":"portfolio_weight","scenario_source":"WEO2023","scenario":"APS","year":2028,"asset_class":"Listed Equity","ald_sector_translation":"Power","asset_class_translation":"Listed Equity","technology_translation":"Nuclear Power"},{"id":"Power Distribution Inc.","ald_sector":"Power","technology":"NuclearCap","plan_tech_share":0,"port_weight":0.0396,"allocation":"portfolio_weight","scenario_source":"WEO2023","scenario":"NZE_2050","year":2028,"asset_class":"Listed Equity","ald_sector_translation":"Power","asset_class_translation":"Listed Equity","technology_translation":"Nuclear Power"},{"id":"Power Distribution Inc.","ald_sector":"Power","technology":"NuclearCap","plan_tech_share":0,"port_weight":0.0396,"allocation":"portfolio_weight","scenario_source":"WEO2023","scenario":"STEPS","year":2028,"asset_class":"Listed Equity","ald_sector_translation":"Power","asset_class_translation":"Listed Equity","technology_translation":"Nuclear Power"},{"id":"Power Distribution Inc.","ald_sector":"Power","technology":"NuclearCap","plan_tech_share":0,"port_weight":0.0396,"allocation":"ownership_weight","scenario_source":"GECO2023","scenario":"1.5C","year":2028,"asset_class":"Listed Equity","ald_sector_translation":"Power","asset_class_translation":"Listed Equity","technology_translation":"Nuclear Power"},{"id":"Auto Motors Ltd.","ald_sector":"Power","technology":"OilCap","plan_tech_share":0,"port_weight":0.0399,"allocation":"ownership_weight","scenario_source":"GECO2023","scenario":"1.5C","year":2028,"asset_class":"Listed Equity","ald_sector_translation":"Power","asset_class_translation":"Listed Equity","technology_translation":"Oil Power"},{"id":"Auto Motors Ltd.","ald_sector":"Power","technology":"OilCap","plan_tech_share":0,"port_weight":0.0399,"allocation":"ownership_weight","scenario_source":"GECO2023","scenario":"NDC-LTS","year":2028,"asset_class":"Listed Equity","ald_sector_translation":"Power","asset_class_translation":"Listed Equity","technology_translation":"Oil Power"},{"id":"Auto Motors Ltd.","ald_sector":"Power","technology":"OilCap","plan_tech_share":0,"port_weight":0.0399,"allocation":"ownership_weight","scenario_source":"GECO2023","scenario":"Reference","year":2028,"asset_class":"Listed Equity","ald_sector_translation":"Power","asset_class_translation":"Listed Equity","technology_translation":"Oil Power"},{"id":"Auto Motors Ltd.","ald_sector":"Power","technology":"OilCap","plan_tech_share":0,"port_weight":0.0399,"allocation":"ownership_weight","scenario_source":"ISF2023","scenario":"1.5°C","year":2028,"asset_class":"Listed Equity","ald_sector_translation":"Power","asset_class_translation":"Listed Equity","technology_translation":"Oil Power"},{"id":"Auto Motors Ltd.","ald_sector":"Power","technology":"OilCap","plan_tech_share":0,"port_weight":0.0399,"allocation":"ownership_weight","scenario_source":"WEO2023","scenario":"APS","year":2028,"asset_class":"Listed Equity","ald_sector_translation":"Power","asset_class_translation":"Listed Equity","technology_translation":"Oil Power"},{"id":"Auto Motors Ltd.","ald_sector":"Power","technology":"OilCap","plan_tech_share":0,"port_weight":0.0399,"allocation":"ownership_weight","scenario_source":"WEO2023","scenario":"NZE_2050","year":2028,"asset_class":"Listed Equity","ald_sector_translation":"Power","asset_class_translation":"Listed Equity","technology_translation":"Oil Power"},{"id":"Auto Motors Ltd.","ald_sector":"Power","technology":"OilCap","plan_tech_share":0,"port_weight":0.0399,"allocation":"ownership_weight","scenario_source":"WEO2023","scenario":"STEPS","year":2028,"asset_class":"Listed Equity","ald_sector_translation":"Power","asset_class_translation":"Listed Equity","technology_translation":"Oil Power"},{"id":"Power Distribution Inc.","ald_sector":"Power","technology":"OilCap","plan_tech_share":0.1923,"port_weight":0.0396,"allocation":"portfolio_weight","scenario_source":"GECO2023","scenario":"1.5C","year":2028,"asset_class":"Listed Equity","ald_sector_translation":"Power","asset_class_translation":"Listed Equity","technology_translation":"Oil Power"},{"id":"Power Distribution Inc.","ald_sector":"Power","technology":"OilCap","plan_tech_share":0.1923,"port_weight":0.0396,"allocation":"portfolio_weight","scenario_source":"GECO2023","scenario":"NDC-LTS","year":2028,"asset_class":"Listed Equity","ald_sector_translation":"Power","asset_class_translation":"Listed Equity","technology_translation":"Oil Power"},{"id":"Power Distribution Inc.","ald_sector":"Power","technology":"OilCap","plan_tech_share":0.1923,"port_weight":0.0396,"allocation":"portfolio_weight","scenario_source":"GECO2023","scenario":"Reference","year":2028,"asset_class":"Listed Equity","ald_sector_translation":"Power","asset_class_translation":"Listed Equity","technology_translation":"Oil Power"},{"id":"Power Distribution Inc.","ald_sector":"Power","technology":"OilCap","plan_tech_share":0.1923,"port_weight":0.0396,"allocation":"portfolio_weight","scenario_source":"ISF2023","scenario":"1.5°C","year":2028,"asset_class":"Listed Equity","ald_sector_translation":"Power","asset_class_translation":"Listed Equity","technology_translation":"Oil Power"},{"id":"Power Distribution Inc.","ald_sector":"Power","technology":"OilCap","plan_tech_share":0.1923,"port_weight":0.0396,"allocation":"portfolio_weight","scenario_source":"WEO2023","scenario":"APS","year":2028,"asset_class":"Listed Equity","ald_sector_translation":"Power","asset_class_translation":"Listed Equity","technology_translation":"Oil Power"},{"id":"Power Distribution Inc.","ald_sector":"Power","technology":"OilCap","plan_tech_share":0.1923,"port_weight":0.0396,"allocation":"portfolio_weight","scenario_source":"WEO2023","scenario":"NZE_2050","year":2028,"asset_class":"Listed Equity","ald_sector_translation":"Power","asset_class_translation":"Listed Equity","technology_translation":"Oil Power"},{"id":"Power Distribution Inc.","ald_sector":"Power","technology":"OilCap","plan_tech_share":0.1923,"port_weight":0.0396,"allocation":"portfolio_weight","scenario_source":"WEO2023","scenario":"STEPS","year":2028,"asset_class":"Listed Equity","ald_sector_translation":"Power","asset_class_translation":"Listed Equity","technology_translation":"Oil Power"},{"id":"Power Distribution Inc.","ald_sector":"Power","technology":"OilCap","plan_tech_share":0.1923,"port_weight":0.0396,"allocation":"ownership_weight","scenario_source":"GECO2023","scenario":"1.5C","year":2028,"asset_class":"Listed Equity","ald_sector_translation":"Power","asset_class_translation":"Listed Equity","technology_translation":"Oil Power"},{"id":"Auto Motors Ltd.","ald_sector":"Power","technology":"RenewablesCap","plan_tech_share":0.5221,"port_weight":0.0399,"allocation":"ownership_weight","scenario_source":"GECO2023","scenario":"1.5C","year":2028,"asset_class":"Listed Equity","ald_sector_translation":"Power","asset_class_translation":"Listed Equity","technology_translation":"Renewables"},{"id":"Auto Motors Ltd.","ald_sector":"Power","technology":"RenewablesCap","plan_tech_share":0.5221,"port_weight":0.0399,"allocation":"ownership_weight","scenario_source":"GECO2023","scenario":"NDC-LTS","year":2028,"asset_class":"Listed Equity","ald_sector_translation":"Power","asset_class_translation":"Listed Equity","technology_translation":"Renewables"},{"id":"Auto Motors Ltd.","ald_sector":"Power","technology":"RenewablesCap","plan_tech_share":0.5221,"port_weight":0.0399,"allocation":"ownership_weight","scenario_source":"GECO2023","scenario":"Reference","year":2028,"asset_class":"Listed Equity","ald_sector_translation":"Power","asset_class_translation":"Listed Equity","technology_translation":"Renewables"},{"id":"Auto Motors Ltd.","ald_sector":"Power","technology":"RenewablesCap","plan_tech_share":0.5221,"port_weight":0.0399,"allocation":"ownership_weight","scenario_source":"ISF2023","scenario":"1.5°C","year":2028,"asset_class":"Listed Equity","ald_sector_translation":"Power","asset_class_translation":"Listed Equity","technology_translation":"Renewables"},{"id":"Auto Motors Ltd.","ald_sector":"Power","technology":"RenewablesCap","plan_tech_share":0.5221,"port_weight":0.0399,"allocation":"ownership_weight","scenario_source":"WEO2023","scenario":"APS","year":2028,"asset_class":"Listed Equity","ald_sector_translation":"Power","asset_class_translation":"Listed Equity","technology_translation":"Renewables"},{"id":"Auto Motors Ltd.","ald_sector":"Power","technology":"RenewablesCap","plan_tech_share":0.5221,"port_weight":0.0399,"allocation":"ownership_weight","scenario_source":"WEO2023","scenario":"NZE_2050","year":2028,"asset_class":"Listed Equity","ald_sector_translation":"Power","asset_class_translation":"Listed Equity","technology_translation":"Renewables"},{"id":"Auto Motors Ltd.","ald_sector":"Power","technology":"RenewablesCap","plan_tech_share":0.5221,"port_weight":0.0399,"allocation":"ownership_weight","scenario_source":"WEO2023","scenario":"STEPS","year":2028,"asset_class":"Listed Equity","ald_sector_translation":"Power","asset_class_translation":"Listed Equity","technology_translation":"Renewables"},{"id":"Power Distribution Inc.","ald_sector":"Power","technology":"RenewablesCap","plan_tech_share":0.8077,"port_weight":0.0396,"allocation":"portfolio_weight","scenario_source":"GECO2023","scenario":"1.5C","year":2028,"asset_class":"Listed Equity","ald_sector_translation":"Power","asset_class_translation":"Listed Equity","technology_translation":"Renewables"},{"id":"Power Distribution Inc.","ald_sector":"Power","technology":"RenewablesCap","plan_tech_share":0.8077,"port_weight":0.0396,"allocation":"portfolio_weight","scenario_source":"GECO2023","scenario":"NDC-LTS","year":2028,"asset_class":"Listed Equity","ald_sector_translation":"Power","asset_class_translation":"Listed Equity","technology_translation":"Renewables"},{"id":"Power Distribution Inc.","ald_sector":"Power","technology":"RenewablesCap","plan_tech_share":0.8077,"port_weight":0.0396,"allocation":"portfolio_weight","scenario_source":"GECO2023","scenario":"Reference","year":2028,"asset_class":"Listed Equity","ald_sector_translation":"Power","asset_class_translation":"Listed Equity","technology_translation":"Renewables"},{"id":"Power Distribution Inc.","ald_sector":"Power","technology":"RenewablesCap","plan_tech_share":0.8077,"port_weight":0.0396,"allocation":"portfolio_weight","scenario_source":"ISF2023","scenario":"1.5°C","year":2028,"asset_class":"Listed Equity","ald_sector_translation":"Power","asset_class_translation":"Listed Equity","technology_translation":"Renewables"},{"id":"Power Distribution Inc.","ald_sector":"Power","technology":"RenewablesCap","plan_tech_share":0.8077,"port_weight":0.0396,"allocation":"portfolio_weight","scenario_source":"WEO2023","scenario":"APS","year":2028,"asset_class":"Listed Equity","ald_sector_translation":"Power","asset_class_translation":"Listed Equity","technology_translation":"Renewables"},{"id":"Power Distribution Inc.","ald_sector":"Power","technology":"RenewablesCap","plan_tech_share":0.8077,"port_weight":0.0396,"allocation":"portfolio_weight","scenario_source":"WEO2023","scenario":"NZE_2050","year":2028,"asset_class":"Listed Equity","ald_sector_translation":"Power","asset_class_translation":"Listed Equity","technology_translation":"Renewables"},{"id":"Power Distribution Inc.","ald_sector":"Power","technology":"RenewablesCap","plan_tech_share":0.8077,"port_weight":0.0396,"allocation":"portfolio_weight","scenario_source":"WEO2023","scenario":"STEPS","year":2028,"asset_class":"Listed Equity","ald_sector_translation":"Power","asset_class_translation":"Listed Equity","technology_translation":"Renewables"},{"id":"Power Distribution Inc.","ald_sector":"Power","technology":"RenewablesCap","plan_tech_share":0.8077,"port_weight":0.0396,"allocation":"ownership_weight","scenario_source":"GECO2023","scenario":"1.5C","year":2028,"asset_class":"Listed Equity","ald_sector_translation":"Power","asset_class_translation":"Listed Equity","technology_translation":"Renewables"},{"id":"Luxury Auto Group","ald_sector":"Automotive","technology":"Electric","plan_tech_share":0.4162,"port_weight":0.1647,"allocation":"portfolio_weight","scenario_source":"WEO2023","scenario":"APS","year":2028,"asset_class":"Corporate Bonds","ald_sector_translation":"Automotive","asset_class_translation":"Corporate Bonds","technology_translation":"LDV: Electric"},{"id":"Luxury Auto Group","ald_sector":"Automotive","technology":"FuelCell","plan_tech_share":0,"port_weight":0.1647,"allocation":"portfolio_weight","scenario_source":"WEO2023","scenario":"APS","year":2028,"asset_class":"Corporate Bonds","ald_sector_translation":"Automotive","asset_class_translation":"Corporate Bonds","technology_translation":"LDV: Fuel Cell"},{"id":"Luxury Auto Group","ald_sector":"Automotive","technology":"Hybrid","plan_tech_share":0.0854,"port_weight":0.1647,"allocation":"portfolio_weight","scenario_source":"WEO2023","scenario":"APS","year":2028,"asset_class":"Corporate Bonds","ald_sector_translation":"Automotive","asset_class_translation":"Corporate Bonds","technology_translation":"LDV: Hybrid"},{"id":"Luxury Auto Group","ald_sector":"Automotive","technology":"ICE","plan_tech_share":0.4983,"port_weight":0.1647,"allocation":"portfolio_weight","scenario_source":"WEO2023","scenario":"APS","year":2028,"asset_class":"Corporate Bonds","ald_sector_translation":"Automotive","asset_class_translation":"Corporate Bonds","technology_translation":"LDV: ICE"},{"id":"Heritage Auto Co.","ald_sector":"Automotive","technology":"Electric","plan_tech_share":0.2934,"port_weight":0.0802,"allocation":"portfolio_weight","scenario_source":"WEO2023","scenario":"APS","year":2028,"asset_class":"Corporate Bonds","ald_sector_translation":"Automotive","asset_class_translation":"Corporate Bonds","technology_translation":"LDV: Electric"},{"id":"Heritage Auto Co.","ald_sector":"Automotive","technology":"FuelCell","plan_tech_share":0,"port_weight":0.0802,"allocation":"portfolio_weight","scenario_source":"WEO2023","scenario":"APS","year":2028,"asset_class":"Corporate Bonds","ald_sector_translation":"Automotive","asset_class_translation":"Corporate Bonds","technology_translation":"LDV: Fuel Cell"},{"id":"Heritage Auto Co.","ald_sector":"Automotive","technology":"Hybrid","plan_tech_share":0.0219,"port_weight":0.0802,"allocation":"portfolio_weight","scenario_source":"WEO2023","scenario":"APS","year":2028,"asset_class":"Corporate Bonds","ald_sector_translation":"Automotive","asset_class_translation":"Corporate Bonds","technology_translation":"LDV: Hybrid"},{"id":"Heritage Auto Co.","ald_sector":"Automotive","technology":"ICE","plan_tech_share":0.6848,"port_weight":0.0802,"allocation":"portfolio_weight","scenario_source":"WEO2023","scenario":"APS","year":2028,"asset_class":"Corporate Bonds","ald_sector_translation":"Automotive","asset_class_translation":"Corporate Bonds","technology_translation":"LDV: ICE"},{"id":"Global Auto Alliance","ald_sector":"Automotive","technology":"Electric","plan_tech_share":0.2901,"port_weight":0.0439,"allocation":"portfolio_weight","scenario_source":"WEO2023","scenario":"APS","year":2028,"asset_class":"Corporate Bonds","ald_sector_translation":"Automotive","asset_class_translation":"Corporate Bonds","technology_translation":"LDV: Electric"},{"id":"Global Auto Alliance","ald_sector":"Automotive","technology":"FuelCell","plan_tech_share":0,"port_weight":0.0439,"allocation":"portfolio_weight","scenario_source":"WEO2023","scenario":"APS","year":2028,"asset_class":"Corporate Bonds","ald_sector_translation":"Automotive","asset_class_translation":"Corporate Bonds","technology_translation":"LDV: Fuel Cell"},{"id":"Global Auto Alliance","ald_sector":"Automotive","technology":"Hybrid","plan_tech_share":0.15,"port_weight":0.0439,"allocation":"portfolio_weight","scenario_source":"WEO2023","scenario":"APS","year":2028,"asset_class":"Corporate Bonds","ald_sector_translation":"Automotive","asset_class_translation":"Corporate Bonds","technology_translation":"LDV: Hybrid"},{"id":"Global Auto Alliance","ald_sector":"Automotive","technology":"ICE","plan_tech_share":0.5599,"port_weight":0.0439,"allocation":"portfolio_weight","scenario_source":"WEO2023","scenario":"APS","year":2028,"asset_class":"Corporate Bonds","ald_sector_translation":"Automotive","asset_class_translation":"Corporate Bonds","technology_translation":"LDV: ICE"},{"id":Capital Auto Group,"ald_sector":"Automotive","technology":"Electric","plan_tech_share":0.113,"port_weight":0.016,"allocation":"portfolio_weight","scenario_source":"WEO2023","scenario":"APS","year":2028,"asset_class":"Corporate Bonds","ald_sector_translation":"Automotive","asset_class_translation":"Corporate Bonds","technology_translation":"LDV: Electric"},{"id":Capital Auto Group,"ald_sector":"Automotive","technology":"FuelCell","plan_tech_share":0,"port_weight":0.016,"allocation":"portfolio_weight","scenario_source":"WEO2023","scenario":"APS","year":2028,"asset_class":"Corporate Bonds","ald_sector_translation":"Automotive","asset_class_translation":"Corporate Bonds","technology_translation":"LDV: Fuel Cell"},{"id":Capital Auto Group,"ald_sector":"Automotive","technology":"Hybrid","plan_tech_share":0.0141,"port_weight":0.016,"allocation":"portfolio_weight","scenario_source":"WEO2023","scenario":"APS","year":2028,"asset_class":"Corporate Bonds","ald_sector_translation":"Automotive","asset_class_translation":"Corporate Bonds","technology_translation":"LDV: Hybrid"},{"id":Capital Auto Group,"ald_sector":"Automotive","technology":"ICE","plan_tech_share":0.873,"port_weight":0.016,"allocation":"portfolio_weight","scenario_source":"WEO2023","scenario":"APS","year":2028,"asset_class":"Corporate Bonds","ald_sector_translation":"Automotive","asset_class_translation":"Corporate Bonds","technology_translation":"LDV: ICE"},{"id":"Northern Hydro Power","ald_sector":"Power","technology":"RenewablesCap","plan_tech_share":0.0039,"port_weight":0.3223,"allocation":"portfolio_weight","scenario_source":"GECO2023","scenario":"1.5C","year":2028,"asset_class":"Corporate Bonds","ald_sector_translation":"Power","asset_class_translation":"Corporate Bonds","technology_translation":"Renewables"},{"id":"Northern Hydro Power","ald_sector":"Power","technology":"HydroCap","plan_tech_share":0.9816,"port_weight":0.3223,"allocation":"portfolio_weight","scenario_source":"GECO2023","scenario":"1.5C","year":2028,"asset_class":"Corporate Bonds","ald_sector_translation":"Power","asset_class_translation":"Corporate Bonds","technology_translation":"Hydropower"},{"id":"Northern Hydro Power","ald_sector":"Power","technology":"NuclearCap","plan_tech_share":0,"port_weight":0.3223,"allocation":"portfolio_weight","scenario_source":"GECO2023","scenario":"1.5C","year":2028,"asset_class":"Corporate Bonds","ald_sector_translation":"Power","asset_class_translation":"Corporate Bonds","technology_translation":"Nuclear Power"},{"id":"Northern Hydro Power","ald_sector":"Power","technology":"GasCap","plan_tech_share":0.011,"port_weight":0.3223,"allocation":"portfolio_weight","scenario_source":"GECO2023","scenario":"1.5C","year":2028,"asset_class":"Corporate Bonds","ald_sector_translation":"Power","asset_class_translation":"Corporate Bonds","technology_translation":"Gas Power"},{"id":"Northern Hydro Power","ald_sector":"Power","technology":"OilCap","plan_tech_share":0.0035,"port_weight":0.3223,"allocation":"portfolio_weight","scenario_source":"GECO2023","scenario":"1.5C","year":2028,"asset_class":"Corporate Bonds","ald_sector_translation":"Power","asset_class_translation":"Corporate Bonds","technology_translation":"Oil Power"},{"id":"Northern Hydro Power","ald_sector":"Power","technology":"CoalCap","plan_tech_share":0,"port_weight":0.3223,"allocation":"portfolio_weight","scenario_source":"GECO2023","scenario":"1.5C","year":2028,"asset_class":"Corporate Bonds","ald_sector_translation":"Power","asset_class_translation":"Corporate Bonds","technology_translation":"Coal Power"},{"id":"Northeast Electric Power","ald_sector":"Power","technology":"RenewablesCap","plan_tech_share":0.0639,"port_weight":0.3209,"allocation":"portfolio_weight","scenario_source":"GECO2023","scenario":"1.5C","year":2028,"asset_class":"Corporate Bonds","ald_sector_translation":"Power","asset_class_translation":"Corporate Bonds","technology_translation":"Renewables"},{"id":"Northeast Electric Power","ald_sector":"Power","technology":"HydroCap","plan_tech_share":0.0821,"port_weight":0.3209,"allocation":"portfolio_weight","scenario_source":"GECO2023","scenario":"1.5C","year":2028,"asset_class":"Corporate Bonds","ald_sector_translation":"Power","asset_class_translation":"Corporate Bonds","technology_translation":"Hydropower"},{"id":"Northeast Electric Power","ald_sector":"Power","technology":"NuclearCap","plan_tech_share":0,"port_weight":0.3209,"allocation":"portfolio_weight","scenario_source":"GECO2023","scenario":"1.5C","year":2028,"asset_class":"Corporate Bonds","ald_sector_translation":"Power","asset_class_translation":"Corporate Bonds","technology_translation":"Nuclear Power"},{"id":"Northeast Electric Power","ald_sector":"Power","technology":"GasCap","plan_tech_share":0.4847,"port_weight":0.3209,"allocation":"portfolio_weight","scenario_source":"GECO2023","scenario":"1.5C","year":2028,"asset_class":"Corporate Bonds","ald_sector_translation":"Power","asset_class_translation":"Corporate Bonds","technology_translation":"Gas Power"},{"id":"Northeast Electric Power","ald_sector":"Power","technology":"OilCap","plan_tech_share":0.0772,"port_weight":0.3209,"allocation":"portfolio_weight","scenario_source":"GECO2023","scenario":"1.5C","year":2028,"asset_class":"Corporate Bonds","ald_sector_translation":"Power","asset_class_translation":"Corporate Bonds","technology_translation":"Oil Power"},{"id":"Northeast Electric Power","ald_sector":"Power","technology":"CoalCap","plan_tech_share":0.2921,"port_weight":0.3209,"allocation":"portfolio_weight","scenario_source":"GECO2023","scenario":"1.5C","year":2028,"asset_class":"Corporate Bonds","ald_sector_translation":"Power","asset_class_translation":"Corporate Bonds","technology_translation":"Coal Power"},{"id":"Nuclear Energy Corp.","ald_sector":"Power","technology":"RenewablesCap","plan_tech_share":0.0002,"port_weight":0.2067,"allocation":"portfolio_weight","scenario_source":"GECO2023","scenario":"1.5C","year":2028,"asset_class":"Corporate Bonds","ald_sector_translation":"Power","asset_class_translation":"Corporate Bonds","technology_translation":"Renewables"},{"id":"Nuclear Energy Corp.","ald_sector":"Power","technology":"HydroCap","plan_tech_share":0,"port_weight":0.2067,"allocation":"portfolio_weight","scenario_source":"GECO2023","scenario":"1.5C","year":2028,"asset_class":"Corporate Bonds","ald_sector_translation":"Power","asset_class_translation":"Corporate Bonds","technology_translation":"Hydropower"},{"id":"Nuclear Energy Corp.","ald_sector":"Power","technology":"NuclearCap","plan_tech_share":0.9998,"port_weight":0.2067,"allocation":"portfolio_weight","scenario_source":"GECO2023","scenario":"1.5C","year":2028,"asset_class":"Corporate Bonds","ald_sector_translation":"Power","asset_class_translation":"Corporate Bonds","technology_translation":"Nuclear Power"},{"id":"Nuclear Energy Corp.","ald_sector":"Power","technology":"GasCap","plan_tech_share":0,"port_weight":0.2067,"allocation":"portfolio_weight","scenario_source":"GECO2023","scenario":"1.5C","year":2028,"asset_class":"Corporate Bonds","ald_sector_translation":"Power","asset_class_translation":"Corporate Bonds","technology_translation":"Gas Power"},{"id":"Nuclear Energy Corp.","ald_sector":"Power","technology":"OilCap","plan_tech_share":0,"port_weight":0.2067,"allocation":"portfolio_weight","scenario_source":"GECO2023","scenario":"1.5C","year":2028,"asset_class":"Corporate Bonds","ald_sector_translation":"Power","asset_class_translation":"Corporate Bonds","technology_translation":"Oil Power"},{"id":"Nuclear Energy Corp.","ald_sector":"Power","technology":"CoalCap","plan_tech_share":0,"port_weight":0.2067,"allocation":"portfolio_weight","scenario_source":"GECO2023","scenario":"1.5C","year":2028,"asset_class":"Corporate Bonds","ald_sector_translation":"Power","asset_class_translation":"Corporate Bonds","technology_translation":"Coal Power"},{"id":"Pacific Energy Inc.","ald_sector":"Power","technology":"RenewablesCap","port_weight":0.0236,"allocation":"portfolio_weight","scenario_source":"GECO2023","scenario":"1.5C","year":2028,"asset_class":"Corporate Bonds","ald_sector_translation":"Power","asset_class_translation":"Corporate Bonds","technology_translation":"Renewables"},{"id":"Pacific Energy Inc.","ald_sector":"Power","technology":"HydroCap","port_weight":0.0236,"allocation":"portfolio_weight","scenario_source":"GECO2023","scenario":"1.5C","year":2028,"asset_class":"Corporate Bonds","ald_sector_translation":"Power","asset_class_translation":"Corporate Bonds","technology_translation":"Hydropower"},{"id":"Pacific Energy Inc.","ald_sector":"Power","technology":"NuclearCap","port_weight":0.0236,"allocation":"portfolio_weight","scenario_source":"GECO2023","scenario":"1.5C","year":2028,"asset_class":"Corporate Bonds","ald_sector_translation":"Power","asset_class_translation":"Corporate Bonds","technology_translation":"Nuclear Power"},{"id":"Pacific Energy Inc.","ald_sector":"Power","technology":"GasCap","port_weight":0.0236,"allocation":"portfolio_weight","scenario_source":"GECO2023","scenario":"1.5C","year":2028,"asset_class":"Corporate Bonds","ald_sector_translation":"Power","asset_class_translation":"Corporate Bonds","technology_translation":"Gas Power"},{"id":"Pacific Energy Inc.","ald_sector":"Power","technology":"OilCap","port_weight":0.0236,"allocation":"portfolio_weight","scenario_source":"GECO2023","scenario":"1.5C","year":2028,"asset_class":"Corporate Bonds","ald_sector_translation":"Power","asset_class_translation":"Corporate Bonds","technology_translation":"Oil Power"},{"id":"Pacific Energy Inc.","ald_sector":"Power","technology":"CoalCap","port_weight":0.0236,"allocation":"portfolio_weight","scenario_source":"GECO2023","scenario":"1.5C","year":2028,"asset_class":"Corporate Bonds","ald_sector_translation":"Power","asset_class_translation":"Corporate Bonds","technology_translation":"Coal Power"}]
