id,ald_sector,technology,plan_tech_share,port_weight,allocation,scenario_source,scenario,year,asset_class,ald_sector_translation,asset_class_translation,technology_translation
Eastern Motors Ltd.,Automotive,Electric,0.4949,0.0412,portfolio_weight,WEO2023,APS,2028,Listed Equity,Automotive,Listed Equity,LDV: Electric
Eastern Motors Ltd.,Automotive,Electric,0.4949,0.0412,portfolio_weight,WEO2023,NZE_2050,2028,Listed Equity,Automotive,Listed Equity,LDV: Electric
Eastern Motors Ltd.,Automotive,Electric,0.4949,0.0412,portfolio_weight,WEO2023,STEPS,2028,Listed Equity,Automotive,Listed Equity,LDV: Electric
Eastern Motors Ltd.,Automotive,Electric,0.4949,0.0412,ownership_weight,WEO2023,APS,2028,Listed Equity,Automotive,Listed Equity,LDV: Electric
Eastern Motors Ltd.,Automotive,Electric,0.4949,0.0412,ownership_weight,WEO2023,NZE_2050,2028,Listed Equity,Automotive,Listed Equity,LDV: Electric
Eastern Motors Ltd.,Automotive,Electric,0.4949,0.0412,ownership_weight,WEO2023,STEPS,2028,Listed Equity,Automotive,Listed Equity,LDV: Electric
"Auto Motors Ltd.",Automotive,Electric,0.1927,0.0399,portfolio_weight,WEO2023,APS,2028,Listed Equity,Automotive,Listed Equity,LDV: Electric
"Auto Motors Ltd.",Automotive,Electric,0.1927,0.0399,portfolio_weight,WEO2023,NZE_2050,2028,Listed Equity,Automotive,Listed Equity,LDV: Electric
"Auto Motors Ltd.",Automotive,Electric,0.1927,0.0399,portfolio_weight,WEO2023,STEPS,2028,Listed Equity,Automotive,Listed Equity,LDV: Electric
"Auto Motors Ltd.",Automotive,Electric,0.1927,0.0399,ownership_weight,WEO2023,APS,2028,Listed Equity,Automotive,Listed Equity,LDV: Electric
"Auto Motors Ltd.",Automotive,Electric,0.1927,0.0399,ownership_weight,WEO2023,NZE_2050,2028,Listed Equity,Automotive,Listed Equity,LDV: Electric
"Auto Motors Ltd.",Automotive,Electric,0.1927,0.0399,ownership_weight,WEO2023,STEPS,2028,Listed Equity,Automotive,Listed Equity,LDV: Electric
Motors Group Inc.,Automotive,Electric,0.5346,0.0309,ownership_weight,WEO2023,APS,2028,Listed Equity,Automotive,Listed Equity,LDV: Electric
Motors Group Inc.,Automotive,Electric,0.5346,0.0309,ownership_weight,WEO2023,NZE_2050,2028,Listed Equity,Automotive,Listed Equity,LDV: Electric
Motors Group Inc.,Automotive,Electric,0.5346,0.0309,ownership_weight,WEO2023,STEPS,2028,Listed Equity,Automotive,Listed Equity,LDV: Electric
Eastern Motors Ltd.,Automotive,FuelCell,0,0.0412,portfolio_weight,WEO2023,APS,2028,Listed Equity,Automotive,Listed Equity,LDV: Fuel Cell
Eastern Motors Ltd.,Automotive,FuelCell,0,0.0412,portfolio_weight,WEO2023,NZE_2050,2028,Listed Equity,Automotive,Listed Equity,LDV: Fuel Cell
Eastern Motors Ltd.,Automotive,FuelCell,0,0.0412,portfolio_weight,WEO2023,STEPS,2028,Listed Equity,Automotive,Listed Equity,LDV: Fuel Cell
Eastern Motors Ltd.,Automotive,FuelCell,0,0.0412,ownership_weight,WEO2023,APS,2028,Listed Equity,Automotive,Listed Equity,LDV: Fuel Cell
Eastern Motors Ltd.,Automotive,FuelCell,0,0.0412,ownership_weight,WEO2023,NZE_2050,2028,Listed Equity,Automotive,Listed Equity,LDV: Fuel Cell
Eastern Motors Ltd.,Automotive,FuelCell,0,0.0412,ownership_weight,WEO2023,STEPS,2028,Listed Equity,Automotive,Listed Equity,LDV: Fuel Cell
"Auto Motors Ltd.",Automotive,FuelCell,0.001,0.0399,portfolio_weight,WEO2023,APS,2028,Listed Equity,Automotive,Listed Equity,LDV: Fuel Cell
"Auto Motors Ltd.",Automotive,FuelCell,0.001,0.0399,portfolio_weight,WEO2023,NZE_2050,2028,Listed Equity,Automotive,Listed Equity,LDV: Fuel Cell
"Auto Motors Ltd.",Automotive,FuelCell,0.001,0.0399,portfolio_weight,WEO2023,STEPS,2028,Listed Equity,Automotive,Listed Equity,LDV: Fuel Cell
"Auto Motors Ltd.",Automotive,FuelCell,0.001,0.0399,ownership_weight,WEO2023,APS,2028,Listed Equity,Automotive,Listed Equity,LDV: Fuel Cell
"Auto Motors Ltd.",Automotive,FuelCell,0.001,0.0399,ownership_weight,WEO2023,NZE_2050,2028,Listed Equity,Automotive,Listed Equity,LDV: Fuel Cell
"Auto Motors Ltd.",Automotive,FuelCell,0.001,0.0399,ownership_weight,WEO2023,STEPS,2028,Listed Equity,Automotive,Listed Equity,LDV: Fuel Cell
Motors Group Inc.,Automotive,FuelCell,0,0.0309,ownership_weight,WEO2023,APS,2028,Listed Equity,Automotive,Listed Equity,LDV: Fuel Cell
Motors Group Inc.,Automotive,FuelCell,0,0.0309,ownership_weight,WEO2023,NZE_2050,2028,Listed Equity,Automotive,Listed Equity,LDV: Fuel Cell
Motors Group Inc.,Automotive,FuelCell,0,0.0309,ownership_weight,WEO2023,STEPS,2028,Listed Equity,Automotive,Listed Equity,LDV: Fuel Cell
Eastern Motors Ltd.,Automotive,Hybrid,0.1417,0.0412,portfolio_weight,WEO2023,APS,2028,Listed Equity,Automotive,Listed Equity,LDV: Hybrid
Eastern Motors Ltd.,Automotive,Hybrid,0.1417,0.0412,portfolio_weight,WEO2023,NZE_2050,2028,Listed Equity,Automotive,Listed Equity,LDV: Hybrid
Eastern Motors Ltd.,Automotive,Hybrid,0.1417,0.0412,portfolio_weight,WEO2023,STEPS,2028,Listed Equity,Automotive,Listed Equity,LDV: Hybrid
Eastern Motors Ltd.,Automotive,Hybrid,0.1417,0.0412,ownership_weight,WEO2023,APS,2028,Listed Equity,Automotive,Listed Equity,LDV: Hybrid
Eastern Motors Ltd.,Automotive,Hybrid,0.1417,0.0412,ownership_weight,WEO2023,NZE_2050,2028,Listed Equity,Automotive,Listed Equity,LDV: Hybrid
Eastern Motors Ltd.,Automotive,Hybrid,0.1417,0.0412,ownership_weight,WEO2023,STEPS,2028,Listed Equity,Automotive,Listed Equity,LDV: Hybrid
"Auto Motors Ltd.",Automotive,Hybrid,0.0107,0.0399,portfolio_weight,WEO2023,APS,2028,Listed Equity,Automotive,Listed Equity,LDV: Hybrid
"Auto Motors Ltd.",Automotive,Hybrid,0.0107,0.0399,portfolio_weight,WEO2023,NZE_2050,2028,Listed Equity,Automotive,Listed Equity,LDV: Hybrid
"Auto Motors Ltd.",Automotive,Hybrid,0.0107,0.0399,portfolio_weight,WEO2023,STEPS,2028,Listed Equity,Automotive,Listed Equity,LDV: Hybrid
"Auto Motors Ltd.",Automotive,Hybrid,0.0107,0.0399,ownership_weight,WEO2023,APS,2028,Listed Equity,Automotive,Listed Equity,LDV: Hybrid
"Auto Motors Ltd.",Automotive,Hybrid,0.0107,0.0399,ownership_weight,WEO2023,NZE_2050,2028,Listed Equity,Automotive,Listed Equity,LDV: Hybrid
"Auto Motors Ltd.",Automotive,Hybrid,0.0107,0.0399,ownership_weight,WEO2023,STEPS,2028,Listed Equity,Automotive,Listed Equity,LDV: Hybrid
Motors Group Inc.,Automotive,Hybrid,0,0.0309,ownership_weight,WEO2023,APS,2028,Listed Equity,Automotive,Listed Equity,LDV: Hybrid
Motors Group Inc.,Automotive,Hybrid,0,0.0309,ownership_weight,WEO2023,NZE_2050,2028,Listed Equity,Automotive,Listed Equity,LDV: Hybrid
Motors Group Inc.,Automotive,Hybrid,0,0.0309,ownership_weight,WEO2023,STEPS,2028,Listed Equity,Automotive,Listed Equity,LDV: Hybrid
Eastern Motors Ltd.,Automotive,ICE,0.3634,0.0412,portfolio_weight,WEO2023,APS,2028,Listed Equity,Automotive,Listed Equity,LDV: ICE
Eastern Motors Ltd.,Automotive,ICE,0.3634,0.0412,portfolio_weight,WEO2023,NZE_2050,2028,Listed Equity,Automotive,Listed Equity,LDV: ICE
Eastern Motors Ltd.,Automotive,ICE,0.3634,0.0412,portfolio_weight,WEO2023,STEPS,2028,Listed Equity,Automotive,Listed Equity,LDV: ICE
Eastern Motors Ltd.,Automotive,ICE,0.3634,0.0412,ownership_weight,WEO2023,APS,2028,Listed Equity,Automotive,Listed Equity,LDV: ICE
Eastern Motors Ltd.,Automotive,ICE,0.3634,0.0412,ownership_weight,WEO2023,NZE_2050,2028,Listed Equity,Automotive,Listed Equity,LDV: ICE
Eastern Motors Ltd.,Automotive,ICE,0.3634,0.0412,ownership_weight,WEO2023,STEPS,2028,Listed Equity,Automotive,Listed Equity,LDV: ICE
"Auto Motors Ltd.",Automotive,ICE,0.7956,0.0399,portfolio_weight,WEO2023,APS,2028,Listed Equity,Automotive,Listed Equity,LDV: ICE
"Auto Motors Ltd.",Automotive,ICE,0.7956,0.0399,portfolio_weight,WEO2023,NZE_2050,2028,Listed Equity,Automotive,Listed Equity,LDV: ICE
"Auto Motors Ltd.",Automotive,ICE,0.7956,0.0399,portfolio_weight,WEO2023,STEPS,2028,Listed Equity,Automotive,Listed Equity,LDV: ICE
"Auto Motors Ltd.",Automotive,ICE,0.7956,0.0399,ownership_weight,WEO2023,APS,2028,Listed Equity,Automotive,Listed Equity,LDV: ICE
"Auto Motors Ltd.",Automotive,ICE,0.7956,0.0399,ownership_weight,WEO2023,NZE_2050,2028,Listed Equity,Automotive,Listed Equity,LDV: ICE
"Auto Motors Ltd.",Automotive,ICE,0.7956,0.0399,ownership_weight,WEO2023,STEPS,2028,Listed Equity,Automotive,Listed Equity,LDV: ICE
Motors Group Inc.,Automotive,ICE,0.4654,0.0309,ownership_weight,WEO2023,APS,2028,Listed Equity,Automotive,Listed Equity,LDV: ICE
Motors Group Inc.,Automotive,ICE,0.4654,0.0309,ownership_weight,WEO2023,NZE_2050,2028,Listed Equity,Automotive,Listed Equity,LDV: ICE
Motors Group Inc.,Automotive,ICE,0.4654,0.0309,ownership_weight,WEO2023,STEPS,2028,Listed Equity,Automotive,Listed Equity,LDV: ICE
"Auto Motors Ltd.",Power,CoalCap,0,0.0399,ownership_weight,GECO2023,1.5C,2028,Listed Equity,Power,Listed Equity,Coal Power
"Auto Motors Ltd.",Power,CoalCap,0,0.0399,ownership_weight,GECO2023,NDC-LTS,2028,Listed Equity,Power,Listed Equity,Coal Power
"Auto Motors Ltd.",Power,CoalCap,0,0.0399,ownership_weight,GECO2023,Reference,2028,Listed Equity,Power,Listed Equity,Coal Power
"Auto Motors Ltd.",Power,CoalCap,0,0.0399,ownership_weight,ISF2023,1.5°C,2028,Listed Equity,Power,Listed Equity,Coal Power
"Auto Motors Ltd.",Power,CoalCap,0,0.0399,ownership_weight,WEO2023,APS,2028,Listed Equity,Power,Listed Equity,Coal Power
"Auto Motors Ltd.",Power,CoalCap,0,0.0399,ownership_weight,WEO2023,NZE_2050,2028,Listed Equity,Power,Listed Equity,Coal Power
"Auto Motors Ltd.",Power,CoalCap,0,0.0399,ownership_weight,WEO2023,STEPS,2028,Listed Equity,Power,Listed Equity,Coal Power
Power Distribution Inc.,Power,CoalCap,0,0.0396,portfolio_weight,GECO2023,1.5C,2028,Listed Equity,Power,Listed Equity,Coal Power
Power Distribution Inc.,Power,CoalCap,0,0.0396,portfolio_weight,GECO2023,NDC-LTS,2028,Listed Equity,Power,Listed Equity,Coal Power
Power Distribution Inc.,Power,CoalCap,0,0.0396,portfolio_weight,GECO2023,Reference,2028,Listed Equity,Power,Listed Equity,Coal Power
Power Distribution Inc.,Power,CoalCap,0,0.0396,portfolio_weight,ISF2023,1.5°C,2028,Listed Equity,Power,Listed Equity,Coal Power
Power Distribution Inc.,Power,CoalCap,0,0.0396,portfolio_weight,WEO2023,APS,2028,Listed Equity,Power,Listed Equity,Coal Power
Power Distribution Inc.,Power,CoalCap,0,0.0396,portfolio_weight,WEO2023,NZE_2050,2028,Listed Equity,Power,Listed Equity,Coal Power
Power Distribution Inc.,Power,CoalCap,0,0.0396,portfolio_weight,WEO2023,STEPS,2028,Listed Equity,Power,Listed Equity,Coal Power
Power Distribution Inc.,Power,CoalCap,0,0.0396,ownership_weight,GECO2023,1.5C,2028,Listed Equity,Power,Listed Equity,Coal Power
"Auto Motors Ltd.",Power,GasCap,0.4779,0.0399,ownership_weight,GECO2023,1.5C,2028,Listed Equity,Power,Listed Equity,Gas Power
"Auto Motors Ltd.",Power,GasCap,0.4779,0.0399,ownership_weight,GECO2023,NDC-LTS,2028,Listed Equity,Power,Listed Equity,Gas Power
"Auto Motors Ltd.",Power,GasCap,0.4779,0.0399,ownership_weight,GECO2023,Reference,2028,Listed Equity,Power,Listed Equity,Gas Power
"Auto Motors Ltd.",Power,GasCap,0.4779,0.0399,ownership_weight,ISF2023,1.5°C,2028,Listed Equity,Power,Listed Equity,Gas Power
"Auto Motors Ltd.",Power,GasCap,0.4779,0.0399,ownership_weight,WEO2023,APS,2028,Listed Equity,Power,Listed Equity,Gas Power
"Auto Motors Ltd.",Power,GasCap,0.4779,0.0399,ownership_weight,WEO2023,NZE_2050,2028,Listed Equity,Power,Listed Equity,Gas Power
"Auto Motors Ltd.",Power,GasCap,0.4779,0.0399,ownership_weight,WEO2023,STEPS,2028,Listed Equity,Power,Listed Equity,Gas Power
Power Distribution Inc.,Power,GasCap,0,0.0396,portfolio_weight,GECO2023,1.5C,2028,Listed Equity,Power,Listed Equity,Gas Power
Power Distribution Inc.,Power,GasCap,0,0.0396,portfolio_weight,GECO2023,NDC-LTS,2028,Listed Equity,Power,Listed Equity,Gas Power
Power Distribution Inc.,Power,GasCap,0,0.0396,portfolio_weight,GECO2023,Reference,2028,Listed Equity,Power,Listed Equity,Gas Power
Power Distribution Inc.,Power,GasCap,0,0.0396,portfolio_weight,ISF2023,1.5°C,2028,Listed Equity,Power,Listed Equity,Gas Power
Power Distribution Inc.,Power,GasCap,0,0.0396,portfolio_weight,WEO2023,APS,2028,Listed Equity,Power,Listed Equity,Gas Power
Power Distribution Inc.,Power,GasCap,0,0.0396,portfolio_weight,WEO2023,NZE_2050,2028,Listed Equity,Power,Listed Equity,Gas Power
Power Distribution Inc.,Power,GasCap,0,0.0396,portfolio_weight,WEO2023,STEPS,2028,Listed Equity,Power,Listed Equity,Gas Power
Power Distribution Inc.,Power,GasCap,0,0.0396,ownership_weight,GECO2023,1.5C,2028,Listed Equity,Power,Listed Equity,Gas Power
"Auto Motors Ltd.",Power,HydroCap,0,0.0399,ownership_weight,GECO2023,1.5C,2028,Listed Equity,Power,Listed Equity,Hydropower
"Auto Motors Ltd.",Power,HydroCap,0,0.0399,ownership_weight,GECO2023,NDC-LTS,2028,Listed Equity,Power,Listed Equity,Hydropower
"Auto Motors Ltd.",Power,HydroCap,0,0.0399,ownership_weight,GECO2023,Reference,2028,Listed Equity,Power,Listed Equity,Hydropower
"Auto Motors Ltd.",Power,HydroCap,0,0.0399,ownership_weight,ISF2023,1.5°C,2028,Listed Equity,Power,Listed Equity,Hydropower
"Auto Motors Ltd.",Power,HydroCap,0,0.0399,ownership_weight,WEO2023,APS,2028,Listed Equity,Power,Listed Equity,Hydropower
"Auto Motors Ltd.",Power,HydroCap,0,0.0399,ownership_weight,WEO2023,NZE_2050,2028,Listed Equity,Power,Listed Equity,Hydropower
"Auto Motors Ltd.",Power,HydroCap,0,0.0399,ownership_weight,WEO2023,STEPS,2028,Listed Equity,Power,Listed Equity,Hydropower
Power Distribution Inc.,Power,HydroCap,0,0.0396,portfolio_weight,GECO2023,1.5C,2028,Listed Equity,Power,Listed Equity,Hydropower
Power Distribution Inc.,Power,HydroCap,0,0.0396,portfolio_weight,GECO2023,NDC-LTS,2028,Listed Equity,Power,Listed Equity,Hydropower
Power Distribution Inc.,Power,HydroCap,0,0.0396,portfolio_weight,GECO2023,Reference,2028,Listed Equity,Power,Listed Equity,Hydropower
Power Distribution Inc.,Power,HydroCap,0,0.0396,portfolio_weight,ISF2023,1.5°C,2028,Listed Equity,Power,Listed Equity,Hydropower
Power Distribution Inc.,Power,HydroCap,0,0.0396,portfolio_weight,WEO2023,APS,2028,Listed Equity,Power,Listed Equity,Hydropower
Power Distribution Inc.,Power,HydroCap,0,0.0396,portfolio_weight,WEO2023,NZE_2050,2028,Listed Equity,Power,Listed Equity,Hydropower
Power Distribution Inc.,Power,HydroCap,0,0.0396,portfolio_weight,WEO2023,STEPS,2028,Listed Equity,Power,Listed Equity,Hydropower
Power Distribution Inc.,Power,HydroCap,0,0.0396,ownership_weight,GECO2023,1.5C,2028,Listed Equity,Power,Listed Equity,Hydropower
"Auto Motors Ltd.",Power,NuclearCap,0,0.0399,ownership_weight,GECO2023,1.5C,2028,Listed Equity,Power,Listed Equity,Nuclear Power
"Auto Motors Ltd.",Power,NuclearCap,0,0.0399,ownership_weight,GECO2023,NDC-LTS,2028,Listed Equity,Power,Listed Equity,Nuclear Power
"Auto Motors Ltd.",Power,NuclearCap,0,0.0399,ownership_weight,GECO2023,Reference,2028,Listed Equity,Power,Listed Equity,Nuclear Power
"Auto Motors Ltd.",Power,NuclearCap,0,0.0399,ownership_weight,ISF2023,1.5°C,2028,Listed Equity,Power,Listed Equity,Nuclear Power
"Auto Motors Ltd.",Power,NuclearCap,0,0.0399,ownership_weight,WEO2023,APS,2028,Listed Equity,Power,Listed Equity,Nuclear Power
"Auto Motors Ltd.",Power,NuclearCap,0,0.0399,ownership_weight,WEO2023,NZE_2050,2028,Listed Equity,Power,Listed Equity,Nuclear Power
"Auto Motors Ltd.",Power,NuclearCap,0,0.0399,ownership_weight,WEO2023,STEPS,2028,Listed Equity,Power,Listed Equity,Nuclear Power
Power Distribution Inc.,Power,NuclearCap,0,0.0396,portfolio_weight,GECO2023,1.5C,2028,Listed Equity,Power,Listed Equity,Nuclear Power
Power Distribution Inc.,Power,NuclearCap,0,0.0396,portfolio_weight,GECO2023,NDC-LTS,2028,Listed Equity,Power,Listed Equity,Nuclear Power
Power Distribution Inc.,Power,NuclearCap,0,0.0396,portfolio_weight,GECO2023,Reference,2028,Listed Equity,Power,Listed Equity,Nuclear Power
Power Distribution Inc.,Power,NuclearCap,0,0.0396,portfolio_weight,ISF2023,1.5°C,2028,Listed Equity,Power,Listed Equity,Nuclear Power
Power Distribution Inc.,Power,NuclearCap,0,0.0396,portfolio_weight,WEO2023,APS,2028,Listed Equity,Power,Listed Equity,Nuclear Power
Power Distribution Inc.,Power,NuclearCap,0,0.0396,portfolio_weight,WEO2023,NZE_2050,2028,Listed Equity,Power,Listed Equity,Nuclear Power
Power Distribution Inc.,Power,NuclearCap,0,0.0396,portfolio_weight,WEO2023,STEPS,2028,Listed Equity,Power,Listed Equity,Nuclear Power
Power Distribution Inc.,Power,NuclearCap,0,0.0396,ownership_weight,GECO2023,1.5C,2028,Listed Equity,Power,Listed Equity,Nuclear Power
"Auto Motors Ltd.",Power,OilCap,0,0.0399,ownership_weight,GECO2023,1.5C,2028,Listed Equity,Power,Listed Equity,Oil Power
"Auto Motors Ltd.",Power,OilCap,0,0.0399,ownership_weight,GECO2023,NDC-LTS,2028,Listed Equity,Power,Listed Equity,Oil Power
"Auto Motors Ltd.",Power,OilCap,0,0.0399,ownership_weight,GECO2023,Reference,2028,Listed Equity,Power,Listed Equity,Oil Power
"Auto Motors Ltd.",Power,OilCap,0,0.0399,ownership_weight,ISF2023,1.5°C,2028,Listed Equity,Power,Listed Equity,Oil Power
"Auto Motors Ltd.",Power,OilCap,0,0.0399,ownership_weight,WEO2023,APS,2028,Listed Equity,Power,Listed Equity,Oil Power
"Auto Motors Ltd.",Power,OilCap,0,0.0399,ownership_weight,WEO2023,NZE_2050,2028,Listed Equity,Power,Listed Equity,Oil Power
"Auto Motors Ltd.",Power,OilCap,0,0.0399,ownership_weight,WEO2023,STEPS,2028,Listed Equity,Power,Listed Equity,Oil Power
Power Distribution Inc.,Power,OilCap,0.1923,0.0396,portfolio_weight,GECO2023,1.5C,2028,Listed Equity,Power,Listed Equity,Oil Power
Power Distribution Inc.,Power,OilCap,0.1923,0.0396,portfolio_weight,GECO2023,NDC-LTS,2028,Listed Equity,Power,Listed Equity,Oil Power
Power Distribution Inc.,Power,OilCap,0.1923,0.0396,portfolio_weight,GECO2023,Reference,2028,Listed Equity,Power,Listed Equity,Oil Power
Power Distribution Inc.,Power,OilCap,0.1923,0.0396,portfolio_weight,ISF2023,1.5°C,2028,Listed Equity,Power,Listed Equity,Oil Power
Power Distribution Inc.,Power,OilCap,0.1923,0.0396,portfolio_weight,WEO2023,APS,2028,Listed Equity,Power,Listed Equity,Oil Power
Power Distribution Inc.,Power,OilCap,0.1923,0.0396,portfolio_weight,WEO2023,NZE_2050,2028,Listed Equity,Power,Listed Equity,Oil Power
Power Distribution Inc.,Power,OilCap,0.1923,0.0396,portfolio_weight,WEO2023,STEPS,2028,Listed Equity,Power,Listed Equity,Oil Power
Power Distribution Inc.,Power,OilCap,0.1923,0.0396,ownership_weight,GECO2023,1.5C,2028,Listed Equity,Power,Listed Equity,Oil Power
"Auto Motors Ltd.",Power,RenewablesCap,0.5221,0.0399,ownership_weight,GECO2023,1.5C,2028,Listed Equity,Power,Listed Equity,Renewables
"Auto Motors Ltd.",Power,RenewablesCap,0.5221,0.0399,ownership_weight,GECO2023,NDC-LTS,2028,Listed Equity,Power,Listed Equity,Renewables
"Auto Motors Ltd.",Power,RenewablesCap,0.5221,0.0399,ownership_weight,GECO2023,Reference,2028,Listed Equity,Power,Listed Equity,Renewables
"Auto Motors Ltd.",Power,RenewablesCap,0.5221,0.0399,ownership_weight,ISF2023,1.5°C,2028,Listed Equity,Power,Listed Equity,Renewables
"Auto Motors Ltd.",Power,RenewablesCap,0.5221,0.0399,ownership_weight,WEO2023,APS,2028,Listed Equity,Power,Listed Equity,Renewables
"Auto Motors Ltd.",Power,RenewablesCap,0.5221,0.0399,ownership_weight,WEO2023,NZE_2050,2028,Listed Equity,Power,Listed Equity,Renewables
"Auto Motors Ltd.",Power,RenewablesCap,0.5221,0.0399,ownership_weight,WEO2023,STEPS,2028,Listed Equity,Power,Listed Equity,Renewables
Power Distribution Inc.,Power,RenewablesCap,0.8077,0.0396,portfolio_weight,GECO2023,1.5C,2028,Listed Equity,Power,Listed Equity,Renewables
Power Distribution Inc.,Power,RenewablesCap,0.8077,0.0396,portfolio_weight,GECO2023,NDC-LTS,2028,Listed Equity,Power,Listed Equity,Renewables
Power Distribution Inc.,Power,RenewablesCap,0.8077,0.0396,portfolio_weight,GECO2023,Reference,2028,Listed Equity,Power,Listed Equity,Renewables
Power Distribution Inc.,Power,RenewablesCap,0.8077,0.0396,portfolio_weight,ISF2023,1.5°C,2028,Listed Equity,Power,Listed Equity,Renewables
Power Distribution Inc.,Power,RenewablesCap,0.8077,0.0396,portfolio_weight,WEO2023,APS,2028,Listed Equity,Power,Listed Equity,Renewables
Power Distribution Inc.,Power,RenewablesCap,0.8077,0.0396,portfolio_weight,WEO2023,NZE_2050,2028,Listed Equity,Power,Listed Equity,Renewables
Power Distribution Inc.,Power,RenewablesCap,0.8077,0.0396,portfolio_weight,WEO2023,STEPS,2028,Listed Equity,Power,Listed Equity,Renewables
Power Distribution Inc.,Power,RenewablesCap,0.8077,0.0396,ownership_weight,GECO2023,1.5C,2028,Listed Equity,Power,Listed Equity,Renewables
Luxury Auto Group,Automotive,Electric,0.4162,0.1647,portfolio_weight,WEO2023,APS,2028,Corporate Bonds,Automotive,Corporate Bonds,LDV: Electric
Luxury Auto Group,Automotive,FuelCell,0,0.1647,portfolio_weight,WEO2023,APS,2028,Corporate Bonds,Automotive,Corporate Bonds,LDV: Fuel Cell
Luxury Auto Group,Automotive,Hybrid,0.0854,0.1647,portfolio_weight,WEO2023,APS,2028,Corporate Bonds,Automotive,Corporate Bonds,LDV: Hybrid
Luxury Auto Group,Automotive,ICE,0.4983,0.1647,portfolio_weight,WEO2023,APS,2028,Corporate Bonds,Automotive,Corporate Bonds,LDV: ICE
Heritage Auto Co.,Automotive,Electric,0.2934,0.0802,portfolio_weight,WEO2023,APS,2028,Corporate Bonds,Automotive,Corporate Bonds,LDV: Electric
Heritage Auto Co.,Automotive,FuelCell,0,0.0802,portfolio_weight,WEO2023,APS,2028,Corporate Bonds,Automotive,Corporate Bonds,LDV: Fuel Cell
Heritage Auto Co.,Automotive,Hybrid,0.0219,0.0802,portfolio_weight,WEO2023,APS,2028,Corporate Bonds,Automotive,Corporate Bonds,LDV: Hybrid
Heritage Auto Co.,Automotive,ICE,0.6848,0.0802,portfolio_weight,WEO2023,APS,2028,Corporate Bonds,Automotive,Corporate Bonds,LDV: ICE
Global Auto Alliance,Automotive,Electric,0.2901,0.0439,portfolio_weight,WEO2023,APS,2028,Corporate Bonds,Automotive,Corporate Bonds,LDV: Electric
Global Auto Alliance,Automotive,FuelCell,0,0.0439,portfolio_weight,WEO2023,APS,2028,Corporate Bonds,Automotive,Corporate Bonds,LDV: Fuel Cell
Global Auto Alliance,Automotive,Hybrid,0.15,0.0439,portfolio_weight,WEO2023,APS,2028,Corporate Bonds,Automotive,Corporate Bonds,LDV: Hybrid
Global Auto Alliance,Automotive,ICE,0.5599,0.0439,portfolio_weight,WEO2023,APS,2028,Corporate Bonds,Automotive,Corporate Bonds,LDV: ICE
Capital Auto Group,Automotive,Electric,0.113,0.016,portfolio_weight,WEO2023,APS,2028,Corporate Bonds,Automotive,Corporate Bonds,LDV: Electric
Capital Auto Group,Automotive,FuelCell,0,0.016,portfolio_weight,WEO2023,APS,2028,Corporate Bonds,Automotive,Corporate Bonds,LDV: Fuel Cell
Capital Auto Group,Automotive,Hybrid,0.0141,0.016,portfolio_weight,WEO2023,APS,2028,Corporate Bonds,Automotive,Corporate Bonds,LDV: Hybrid
Capital Auto Group,Automotive,ICE,0.873,0.016,portfolio_weight,WEO2023,APS,2028,Corporate Bonds,Automotive,Corporate Bonds,LDV: ICE
Northern Hydro Power,Power,RenewablesCap,0.0039,0.3223,portfolio_weight,GECO2023,1.5C,2028,Corporate Bonds,Power,Corporate Bonds,Renewables
Northern Hydro Power,Power,HydroCap,0.9816,0.3223,portfolio_weight,GECO2023,1.5C,2028,Corporate Bonds,Power,Corporate Bonds,Hydropower
Northern Hydro Power,Power,NuclearCap,0,0.3223,portfolio_weight,GECO2023,1.5C,2028,Corporate Bonds,Power,Corporate Bonds,Nuclear Power
Northern Hydro Power,Power,GasCap,0.011,0.3223,portfolio_weight,GECO2023,1.5C,2028,Corporate Bonds,Power,Corporate Bonds,Gas Power
Northern Hydro Power,Power,OilCap,0.0035,0.3223,portfolio_weight,GECO2023,1.5C,2028,Corporate Bonds,Power,Corporate Bonds,Oil Power
Northern Hydro Power,Power,CoalCap,0,0.3223,portfolio_weight,GECO2023,1.5C,2028,Corporate Bonds,Power,Corporate Bonds,Coal Power
"Northeast Electric Power",Power,RenewablesCap,0.0639,0.3209,portfolio_weight,GECO2023,1.5C,2028,Corporate Bonds,Power,Corporate Bonds,Renewables
"Northeast Electric Power",Power,HydroCap,0.0821,0.3209,portfolio_weight,GECO2023,1.5C,2028,Corporate Bonds,Power,Corporate Bonds,Hydropower
"Northeast Electric Power",Power,NuclearCap,0,0.3209,portfolio_weight,GECO2023,1.5C,2028,Corporate Bonds,Power,Corporate Bonds,Nuclear Power
"Northeast Electric Power",Power,GasCap,0.4847,0.3209,portfolio_weight,GECO2023,1.5C,2028,Corporate Bonds,Power,Corporate Bonds,Gas Power
"Northeast Electric Power",Power,OilCap,0.0772,0.3209,portfolio_weight,GECO2023,1.5C,2028,Corporate Bonds,Power,Corporate Bonds,Oil Power
"Northeast Electric Power",Power,CoalCap,0.2921,0.3209,portfolio_weight,GECO2023,1.5C,2028,Corporate Bonds,Power,Corporate Bonds,Coal Power
Nuclear Energy Corp.,Power,RenewablesCap,2e-4,0.2067,portfolio_weight,GECO2023,1.5C,2028,Corporate Bonds,Power,Corporate Bonds,Renewables
Nuclear Energy Corp.,Power,HydroCap,0,0.2067,portfolio_weight,GECO2023,1.5C,2028,Corporate Bonds,Power,Corporate Bonds,Hydropower
Nuclear Energy Corp.,Power,NuclearCap,0.9998,0.2067,portfolio_weight,GECO2023,1.5C,2028,Corporate Bonds,Power,Corporate Bonds,Nuclear Power
Nuclear Energy Corp.,Power,GasCap,0,0.2067,portfolio_weight,GECO2023,1.5C,2028,Corporate Bonds,Power,Corporate Bonds,Gas Power
Nuclear Energy Corp.,Power,OilCap,0,0.2067,portfolio_weight,GECO2023,1.5C,2028,Corporate Bonds,Power,Corporate Bonds,Oil Power
Nuclear Energy Corp.,Power,CoalCap,0,0.2067,portfolio_weight,GECO2023,1.5C,2028,Corporate Bonds,Power,Corporate Bonds,Coal Power
"Pacific Energy Inc.",Power,RenewablesCap,,0.0236,portfolio_weight,GECO2023,1.5C,2028,Corporate Bonds,Power,Corporate Bonds,Renewables
"Pacific Energy Inc.",Power,HydroCap,,0.0236,portfolio_weight,GECO2023,1.5C,2028,Corporate Bonds,Power,Corporate Bonds,Hydropower
"Pacific Energy Inc.",Power,NuclearCap,,0.0236,portfolio_weight,GECO2023,1.5C,2028,Corporate Bonds,Power,Corporate Bonds,Nuclear Power
"Pacific Energy Inc.",Power,GasCap,,0.0236,portfolio_weight,GECO2023,1.5C,2028,Corporate Bonds,Power,Corporate Bonds,Gas Power
"Pacific Energy Inc.",Power,OilCap,,0.0236,portfolio_weight,GECO2023,1.5C,2028,Corporate Bonds,Power,Corporate Bonds,Oil Power
"Pacific Energy Inc.",Power,CoalCap,,0.0236,portfolio_weight,GECO2023,1.5C,2028,Corporate Bonds,Power,Corporate Bonds,Coal Power
